Cap_Model,Scenario,FY,Hour,Observations,Mean_Impact,Median_Impact,P75_Impact,P95_Impact
$1000/MWh,Accelerated Transition,FY2026,0,13116,2.8092778,2.0041924,3.7329903,9.59346
$1000/MWh,Accelerated Transition,FY2026,1,13128,2.7120416,2.1004562,3.624031,8.269443
$1000/MWh,Accelerated Transition,FY2026,2,13128,2.9445612,2.2168045,3.9344864,8.876772
$1000/MWh,Accelerated Transition,FY2026,3,13128,3.1898618,2.353613,4.170826,9.410159
$1000/MWh,Accelerated Transition,FY2026,4,13128,3.2121944,2.4466324,4.243244,9.337378
$1000/MWh,Accelerated Transition,FY2026,5,13128,3.220654,2.5524406,4.5337715,8.630071
$1000/MWh,Accelerated Transition,FY2026,6,13128,3.8912165,3.3042374,5.5882406,10.596983
$1000/MWh,Accelerated Transition,FY2026,7,13128,3.762777,3.0165443,5.5996933,12.509576
$1000/MWh,Accelerated Transition,FY2026,8,13128,3.1261158,2.981472,5.4467125,10.806569
$1000/MWh,Accelerated Transition,FY2026,9,13128,4.085582,3.4585876,6.062641,11.509327
$1000/MWh,Accelerated Transition,FY2026,10,13128,4.7920766,4.06925,6.807061,12.304691
$1000/MWh,Accelerated Transition,FY2026,11,13128,4.938267,4.2125454,6.871095,12.574704
$1000/MWh,Accelerated Transition,FY2026,12,13128,4.805264,4.0528927,6.850519,12.503589
$1000/MWh,Accelerated Transition,FY2026,13,13128,4.627244,3.9753876,6.7787495,12.587703
$1000/MWh,Accelerated Transition,FY2026,14,13128,4.411716,3.7258606,6.527706,12.429226
$1000/MWh,Accelerated Transition,FY2026,15,13128,3.9276528,3.2594032,6.019329,11.5617895
$1000/MWh,Accelerated Transition,FY2026,16,13128,3.7346778,2.9371185,5.86796,13.099623
$1000/MWh,Accelerated Transition,FY2026,17,13128,4.097028,2.887333,6.4602985,16.654697
$1000/MWh,Accelerated Transition,FY2026,18,13128,3.983024,2.3199692,6.210354,19.160604
$1000/MWh,Accelerated Transition,FY2026,19,13128,3.1083608,1.7042656,4.1232605,15.313085
$1000/MWh,Accelerated Transition,FY2026,20,13128,2.92986,1.8473015,3.7523766,10.558744
$1000/MWh,Accelerated Transition,FY2026,21,13128,2.6979327,1.8404617,3.4606247,9.417448
$1000/MWh,Accelerated Transition,FY2026,22,13128,2.7228281,1.750721,3.3768463,9.186725
$1000/MWh,Accelerated Transition,FY2026,23,13128,2.3853447,1.7044449,3.1435947,7.7068014
$1000/MWh,Accelerated Transition,FY2027,0,13116,7.04121,5.133854,8.779259,21.376118
$1000/MWh,Accelerated Transition,FY2027,1,13128,6.638163,5.301136,8.33009,17.36439
$1000/MWh,Accelerated Transition,FY2027,2,13128,6.956649,5.560564,9.081127,17.575306
$1000/MWh,Accelerated Transition,FY2027,3,13128,7.46522,5.859562,9.594753,18.673136
$1000/MWh,Accelerated Transition,FY2027,4,13128,7.417977,6.0391464,9.348007,18.752262
$1000/MWh,Accelerated Transition,FY2027,5,13128,7.6534467,6.6591873,9.852448,17.594059
$1000/MWh,Accelerated Transition,FY2027,6,13128,9.130433,8.392838,12.12069,20.639011
$1000/MWh,Accelerated Transition,FY2027,7,13128,8.941545,7.6550465,12.038324,25.727306
$1000/MWh,Accelerated Transition,FY2027,8,13128,7.38489,7.5588417,11.664049,21.128479
$1000/MWh,Accelerated Transition,FY2027,9,13128,9.726735,8.675076,13.511222,22.686813
$1000/MWh,Accelerated Transition,FY2027,10,13128,11.44442,10.051624,14.96516,25.431217
$1000/MWh,Accelerated Transition,FY2027,11,13128,11.711259,10.359165,15.4853,24.994022
$1000/MWh,Accelerated Transition,FY2027,12,13128,11.633141,10.56459,15.709355,25.370214
$1000/MWh,Accelerated Transition,FY2027,13,13128,11.112983,10.119663,15.588444,26.0437
$1000/MWh,Accelerated Transition,FY2027,14,13128,10.545498,9.363558,14.756201,25.421877
$1000/MWh,Accelerated Transition,FY2027,15,13128,9.58823,8.359676,13.479393,23.93199
$1000/MWh,Accelerated Transition,FY2027,16,13128,8.844915,7.744629,12.99268,25.5553
$1000/MWh,Accelerated Transition,FY2027,17,13128,9.802288,7.8665733,14.194328,33.555626
$1000/MWh,Accelerated Transition,FY2027,18,13128,9.2440405,6.573963,13.689507,39.334602
$1000/MWh,Accelerated Transition,FY2027,19,13128,7.5019884,4.931759,9.495863,29.814806
$1000/MWh,Accelerated Transition,FY2027,20,13128,7.1894054,4.9563446,8.290974,23.28225
$1000/MWh,Accelerated Transition,FY2027,21,13128,6.7151,4.884083,7.5455437,21.84207
$1000/MWh,Accelerated Transition,FY2027,22,13128,6.907909,4.661995,7.654381,23.138256
$1000/MWh,Accelerated Transition,FY2027,23,13128,5.907472,4.4147224,6.9521065,19.127655
$1000/MWh,Accelerated Transition,FY2028,0,13116,13.312986,9.505344,16.517628,38.33113
$1000/MWh,Accelerated Transition,FY2028,1,13128,12.58317,9.8617325,15.729098,31.582588
$1000/MWh,Accelerated Transition,FY2028,2,13128,12.395289,10.188877,15.76738,29.601553
$1000/MWh,Accelerated Transition,FY2028,3,13128,13.312941,10.811344,16.942032,32.062874
$1000/MWh,Accelerated Transition,FY2028,4,13128,13.223855,10.998684,16.57225,31.78841
$1000/MWh,Accelerated Transition,FY2028,5,13128,14.122429,12.45528,17.72831,29.814287
$1000/MWh,Accelerated Transition,FY2028,6,13128,16.480366,15.759781,21.547102,35.76789
$1000/MWh,Accelerated Transition,FY2028,7,13128,15.40349,13.965912,21.00917,42.967903
$1000/MWh,Accelerated Transition,FY2028,8,13128,12.876894,13.496257,20.06353,34.961967
$1000/MWh,Accelerated Transition,FY2028,9,13128,17.279104,15.767078,23.609135,39.82387
$1000/MWh,Accelerated Transition,FY2028,10,13128,20.781315,18.66157,26.782703,43.19102
$1000/MWh,Accelerated Transition,FY2028,11,13128,21.365429,19.542631,27.342796,43.077194
$1000/MWh,Accelerated Transition,FY2028,12,13128,21.110842,19.677893,27.586346,44.738777
$1000/MWh,Accelerated Transition,FY2028,13,13128,20.43598,19.142962,27.835941,45.271454
$1000/MWh,Accelerated Transition,FY2028,14,13128,19.250837,17.450893,26.668163,44.012535
$1000/MWh,Accelerated Transition,FY2028,15,13128,17.67296,15.33984,24.546268,42.000427
$1000/MWh,Accelerated Transition,FY2028,16,13128,16.598204,14.243656,23.390114,44.77847
$1000/MWh,Accelerated Transition,FY2028,17,13128,18.035831,15.14801,25.343952,55.401417
$1000/MWh,Accelerated Transition,FY2028,18,13128,16.70028,12.732864,23.8017,60.79297
$1000/MWh,Accelerated Transition,FY2028,19,13128,14.199942,9.65411,17.63708,53.627304
$1000/MWh,Accelerated Transition,FY2028,20,13128,13.371469,9.100533,15.989515,42.77062
$1000/MWh,Accelerated Transition,FY2028,21,13128,12.985513,9.163357,14.347515,40.564983
$1000/MWh,Accelerated Transition,FY2028,22,13128,13.488693,8.815411,15.199524,46.21295
$1000/MWh,Accelerated Transition,FY2028,23,13128,11.602169,8.28981,13.242048,36.02567
$1000/MWh,Accelerated Transition,FY2029,0,13116,22.14213,15.838196,31.322388,59.33931
$1000/MWh,Accelerated Transition,FY2029,1,13128,21.135813,16.146358,27.008965,52.019302
$1000/MWh,Accelerated Transition,FY2029,2,13128,19.76926,16.118748,25.54245,46.605877
$1000/MWh,Accelerated Transition,FY2029,3,13128,20.562986,16.995716,25.667637,46.477036
$1000/MWh,Accelerated Transition,FY2029,4,13128,20.746918,17.466942,25.060917,46.76401
$1000/MWh,Accelerated Transition,FY2029,5,13128,22.677086,20.008726,28.32669,46.284367
$1000/MWh,Accelerated Transition,FY2029,6,13128,25.887518,24.960917,34.140263,54.979473
$1000/MWh,Accelerated Transition,FY2029,7,13128,22.594927,21.85344,32.54197,59.621426
$1000/MWh,Accelerated Transition,FY2029,8,13128,19.042421,21.139378,30.994179,51.904804
$1000/MWh,Accelerated Transition,FY2029,9,13128,26.411373,24.627926,36.313072,59.791428
$1000/MWh,Accelerated Transition,FY2029,10,13128,32.66061,29.94757,41.5777,67.07904
$1000/MWh,Accelerated Transition,FY2029,11,13128,33.629314,31.593588,43.07568,65.67913
$1000/MWh,Accelerated Transition,FY2029,12,13128,33.097233,31.834873,43.177544,69.38378
$1000/MWh,Accelerated Transition,FY2029,13,13128,31.966803,30.720411,43.578484,68.68242
$1000/MWh,Accelerated Transition,FY2029,14,13128,30.595224,28.44403,42.239883,66.71357
$1000/MWh,Accelerated Transition,FY2029,15,13128,28.141645,24.49692,38.859673,66.50025
$1000/MWh,Accelerated Transition,FY2029,16,13128,26.78682,23.593643,38.23321,67.55154
$1000/MWh,Accelerated Transition,FY2029,17,13128,28.402102,25.398067,41.218727,78.980484
$1000/MWh,Accelerated Transition,FY2029,18,13128,26.828478,21.1577,36.52848,94.79044
$1000/MWh,Accelerated Transition,FY2029,19,13128,23.358875,16.584953,28.816608,80.59944
$1000/MWh,Accelerated Transition,FY2029,20,13128,22.147053,15.101982,26.089708,76.6032
$1000/MWh,Accelerated Transition,FY2029,21,13128,22.017647,14.691538,24.945797,69.66184
$1000/MWh,Accelerated Transition,FY2029,22,13128,23.00026,14.723228,27.393291,74.223976
$1000/MWh,Accelerated Transition,FY2029,23,13128,20.322893,13.85405,23.441833,63.10359
$1000/MWh,Accelerated Transition,FY2030,0,13116,37.34575,27.338936,55.821968,89.94489
$1000/MWh,Accelerated Transition,FY2030,1,13128,34.894516,26.818327,48.444893,80.34568
$1000/MWh,Accelerated Transition,FY2030,2,13128,31.745546,25.219032,41.152367,70.8911
$1000/MWh,Accelerated Transition,FY2030,3,13128,31.750666,26.779348,38.22528,67.38011
$1000/MWh,Accelerated Transition,FY2030,4,13128,32.29513,27.83237,37.43525,67.45277
$1000/MWh,Accelerated Transition,FY2030,5,13128,35.63388,31.190441,45.559105,70.28137
$1000/MWh,Accelerated Transition,FY2030,6,13128,38.381493,37.867973,53.260742,84.13666
$1000/MWh,Accelerated Transition,FY2030,7,13128,31.490822,31.78356,48.772884,86.50443
$1000/MWh,Accelerated Transition,FY2030,8,13128,25.989567,30.62207,46.46262,74.20224
$1000/MWh,Accelerated Transition,FY2030,9,13128,38.006386,36.91146,53.546555,88.66635
$1000/MWh,Accelerated Transition,FY2030,10,13128,48.755836,45.278748,62.66905,100.47525
$1000/MWh,Accelerated Transition,FY2030,11,13128,51.15671,48.817345,66.456604,100.459045
$1000/MWh,Accelerated Transition,FY2030,12,13128,50.128826,48.35373,66.82532,102.45399
$1000/MWh,Accelerated Transition,FY2030,13,13128,48.47752,47.033447,66.91185,103.175644
$1000/MWh,Accelerated Transition,FY2030,14,13128,47.08964,43.877365,64.72381,103.133194
$1000/MWh,Accelerated Transition,FY2030,15,13128,42.943054,38.452286,59.714188,98.48313
$1000/MWh,Accelerated Transition,FY2030,16,13128,41.40742,38.577057,60.632133,98.8405
$1000/MWh,Accelerated Transition,FY2030,17,13128,45.419395,43.117226,65.22421,111.2039
$1000/MWh,Accelerated Transition,FY2030,18,13128,41.35772,33.987457,55.96864,126.983246
$1000/MWh,Accelerated Transition,FY2030,19,13128,37.13833,27.770874,46.260944,120.70487
$1000/MWh,Accelerated Transition,FY2030,20,13128,36.268616,25.40646,43.526947,113.22465
$1000/MWh,Accelerated Transition,FY2030,21,13128,36.442677,24.687496,43.09501,116.26598
$1000/MWh,Accelerated Transition,FY2030,22,13128,38.19999,25.65667,51.731743,109.25329
$1000/MWh,Accelerated Transition,FY2030,23,13128,34.43695,23.107113,45.5372,100.52956
$1000/MWh,Slower Growth,FY2026,0,13116,1.097351,0.6233597,1.6474934,4.4721546
$1000/MWh,Slower Growth,FY2026,1,13128,1.0809865,0.66500473,1.6222801,4.019392
$1000/MWh,Slower Growth,FY2026,2,13128,1.1766009,0.73171234,1.7509632,4.457035
$1000/MWh,Slower Growth,FY2026,3,13128,1.2893751,0.7733536,1.8567657,4.597351
$1000/MWh,Slower Growth,FY2026,4,13128,1.3038434,0.80314636,1.8686771,4.7611375
$1000/MWh,Slower Growth,FY2026,5,13128,1.3194879,0.8094864,1.9894981,4.5916934
$1000/MWh,Slower Growth,FY2026,6,13128,1.5397952,0.997879,2.4355674,5.5408955
$1000/MWh,Slower Growth,FY2026,7,13128,1.5239259,0.9215946,2.4504318,6.492272
$1000/MWh,Slower Growth,FY2026,8,13128,1.258255,0.90436935,2.431275,6.0352836
$1000/MWh,Slower Growth,FY2026,9,13128,1.6381012,1.0894833,2.6663094,6.259314
$1000/MWh,Slower Growth,FY2026,10,13128,1.9188089,1.2887745,2.951422,6.613128
$1000/MWh,Slower Growth,FY2026,11,13128,1.9829139,1.3641014,3.0866394,6.648428
$1000/MWh,Slower Growth,FY2026,12,13128,1.9320327,1.253418,3.021449,6.7291517
$1000/MWh,Slower Growth,FY2026,13,13128,1.8559917,1.2474129,2.9066105,6.585037
$1000/MWh,Slower Growth,FY2026,14,13128,1.7875017,1.2118912,2.8682194,6.5685253
$1000/MWh,Slower Growth,FY2026,15,13128,1.5941019,1.0738564,2.685852,6.133714
$1000/MWh,Slower Growth,FY2026,16,13128,1.5055801,0.8565066,2.4886637,6.752035
$1000/MWh,Slower Growth,FY2026,17,13128,1.677696,0.65076065,2.6068153,8.355585
$1000/MWh,Slower Growth,FY2026,18,13128,1.7602389,0.43624878,2.5051308,9.353622
$1000/MWh,Slower Growth,FY2026,19,13128,1.2435423,0.32040405,1.6442986,6.1540504
$1000/MWh,Slower Growth,FY2026,20,13128,1.1621252,0.4539528,1.5880966,4.99559
$1000/MWh,Slower Growth,FY2026,21,13128,1.0353756,0.5292721,1.5590267,4.2119813
$1000/MWh,Slower Growth,FY2026,22,13128,1.0704703,0.51995087,1.4770889,4.203784
$1000/MWh,Slower Growth,FY2026,23,13128,0.9444846,0.5279846,1.3924503,3.772548
$1000/MWh,Slower Growth,FY2027,0,13116,2.240041,1.5432377,3.0481339,7.865837
$1000/MWh,Slower Growth,FY2027,1,13128,2.1679854,1.6159172,2.9684677,6.909671
$1000/MWh,Slower Growth,FY2027,2,13128,2.3694854,1.7549019,3.2137814,7.415718
$1000/MWh,Slower Growth,FY2027,3,13128,2.5582147,1.8764992,3.3888397,7.90686
$1000/MWh,Slower Growth,FY2027,4,13128,2.5813224,1.9087601,3.4549494,7.914563
$1000/MWh,Slower Growth,FY2027,5,13128,2.5889604,1.9771118,3.7186632,7.429334
$1000/MWh,Slower Growth,FY2027,6,13128,3.1083765,2.5435905,4.5785313,8.979811
$1000/MWh,Slower Growth,FY2027,7,13128,3.059628,2.360014,4.6362896,10.5106
$1000/MWh,Slower Growth,FY2027,8,13128,2.5355294,2.3029919,4.4881334,9.462587
$1000/MWh,Slower Growth,FY2027,9,13128,3.265512,2.6692677,4.991289,9.813442
$1000/MWh,Slower Growth,FY2027,10,13128,3.8451152,3.155239,5.5766363,10.528414
$1000/MWh,Slower Growth,FY2027,11,13128,3.9344187,3.2406178,5.61429,10.693955
$1000/MWh,Slower Growth,FY2027,12,13128,3.8452327,3.1773682,5.5702915,10.749707
$1000/MWh,Slower Growth,FY2027,13,13128,3.7043428,3.0632172,5.4977546,10.610597
$1000/MWh,Slower Growth,FY2027,14,13128,3.5655596,2.9193153,5.3966722,10.507756
$1000/MWh,Slower Growth,FY2027,15,13128,3.1786766,2.5794458,4.9118843,9.912703
$1000/MWh,Slower Growth,FY2027,16,13128,2.960702,2.2057152,4.787224,10.845706
$1000/MWh,Slower Growth,FY2027,17,13128,3.2930777,2.1172485,5.2277527,13.922124
$1000/MWh,Slower Growth,FY2027,18,13128,3.1945982,1.7056122,4.959997,16.169365
$1000/MWh,Slower Growth,FY2027,19,13128,2.4942892,1.2518616,3.3212433,11.885211
$1000/MWh,Slower Growth,FY2027,20,13128,2.3492222,1.3780289,3.0516796,8.563484
$1000/MWh,Slower Growth,FY2027,21,13128,2.1523578,1.4342232,2.8869133,7.8002257
$1000/MWh,Slower Growth,FY2027,22,13128,2.181754,1.3678589,2.7968712,7.497747
$1000/MWh,Slower Growth,FY2027,23,13128,1.8934288,1.2935791,2.5741596,6.3781266
$1000/MWh,Slower Growth,FY2028,0,13116,3.4189994,2.4868736,4.391529,11.16066
$1000/MWh,Slower Growth,FY2028,1,13128,3.2861998,2.593235,4.292406,9.394522
$1000/MWh,Slower Growth,FY2028,2,13128,3.5230513,2.7051811,4.6106987,10.1283865
$1000/MWh,Slower Growth,FY2028,3,13128,3.8371818,2.8574944,4.907875,10.7308655
$1000/MWh,Slower Growth,FY2028,4,13128,3.822837,2.9805183,4.949173,10.708838
$1000/MWh,Slower Growth,FY2028,5,13128,3.8639324,3.1740875,5.279154,9.838053
$1000/MWh,Slower Growth,FY2028,6,13128,4.614575,4.009264,6.5643806,11.952456
$1000/MWh,Slower Growth,FY2028,7,13128,4.490894,3.6954694,6.6459503,14.230764
$1000/MWh,Slower Growth,FY2028,8,13128,3.7466445,3.6316652,6.393855,12.42843
$1000/MWh,Slower Growth,FY2028,9,13128,4.906211,4.2383842,7.1677036,13.400039
$1000/MWh,Slower Growth,FY2028,10,13128,5.736306,4.9511094,7.934876,14.3993225
$1000/MWh,Slower Growth,FY2028,11,13128,5.8920484,5.063019,8.070939,14.455767
$1000/MWh,Slower Growth,FY2028,12,13128,5.7797604,4.9044075,8.062071,14.593516
$1000/MWh,Slower Growth,FY2028,13,13128,5.53845,4.8566704,8.020933,14.64422
$1000/MWh,Slower Growth,FY2028,14,13128,5.329126,4.557792,7.6935806,14.299066
$1000/MWh,Slower Growth,FY2028,15,13128,4.735585,4.0052567,7.1689663,13.43704
$1000/MWh,Slower Growth,FY2028,16,13128,4.4715834,3.6660538,7.0189514,14.917383
$1000/MWh,Slower Growth,FY2028,17,13128,4.867535,3.6553335,7.6116333,19.05867
$1000/MWh,Slower Growth,FY2028,18,13128,4.701416,2.920021,7.208046,22.359661
$1000/MWh,Slower Growth,FY2028,19,13128,3.7432854,2.1710472,4.9273567,17.836884
$1000/MWh,Slower Growth,FY2028,20,13128,3.6041079,2.3353157,4.4306107,12.781934
$1000/MWh,Slower Growth,FY2028,21,13128,3.2159739,2.3137856,4.0853157,10.875764
$1000/MWh,Slower Growth,FY2028,22,13128,3.312808,2.1899529,3.9397507,11.413343
$1000/MWh,Slower Growth,FY2028,23,13128,2.8653636,2.0951767,3.6701584,8.963396
$1000/MWh,Slower Growth,FY2029,0,13116,4.9249663,3.6035767,6.0900917,15.3334675
$1000/MWh,Slower Growth,FY2029,1,13128,4.654812,3.7091255,5.9066277,12.581544
$1000/MWh,Slower Growth,FY2029,2,13128,4.994067,3.9326744,6.5509653,13.040554
$1000/MWh,Slower Growth,FY2029,3,13128,5.391513,4.1821136,6.9310036,14.217593
$1000/MWh,Slower Growth,FY2029,4,13128,5.316653,4.2714195,6.8274746,14.030384
$1000/MWh,Slower Growth,FY2029,5,13128,5.4541874,4.6611176,7.2094917,13.000357
$1000/MWh,Slower Growth,FY2029,6,13128,6.507055,5.845318,8.892248,15.879007
$1000/MWh,Slower Growth,FY2029,7,13128,6.353597,5.334923,8.975159,18.797802
$1000/MWh,Slower Growth,FY2029,8,13128,5.2647953,5.2850223,8.553841,16.158064
$1000/MWh,Slower Growth,FY2029,9,13128,6.8963604,6.084182,9.739449,17.267174
$1000/MWh,Slower Growth,FY2029,10,13128,8.12234,7.0998993,10.878044,18.962627
$1000/MWh,Slower Growth,FY2029,11,13128,8.325831,7.2738023,11.1539955,18.892359
$1000/MWh,Slower Growth,FY2029,12,13128,8.22461,7.2248726,11.197795,18.993477
$1000/MWh,Slower Growth,FY2029,13,13128,7.9385796,7.0747433,11.218061,19.329817
$1000/MWh,Slower Growth,FY2029,14,13128,7.511322,6.590334,10.672512,18.92338
$1000/MWh,Slower Growth,FY2029,15,13128,6.7110248,5.86689,9.705143,17.762444
$1000/MWh,Slower Growth,FY2029,16,13128,6.301175,5.393036,9.448708,19.32928
$1000/MWh,Slower Growth,FY2029,17,13128,6.905605,5.386711,10.413509,25.554626
$1000/MWh,Slower Growth,FY2029,18,13128,6.6537323,4.463974,10.059166,28.405975
$1000/MWh,Slower Growth,FY2029,19,13128,5.290293,3.2794075,6.892601,22.770576
$1000/MWh,Slower Growth,FY2029,20,13128,5.0296516,3.4210167,6.025509,17.3201
$1000/MWh,Slower Growth,FY2029,21,13128,4.6590557,3.3918495,5.5026455,15.492512
$1000/MWh,Slower Growth,FY2029,22,13128,4.782467,3.235588,5.4851875,16.944096
$1000/MWh,Slower Growth,FY2029,23,13128,4.094481,3.0770264,5.041033,12.605945
$1000/MWh,Slower Growth,FY2030,0,13116,6.7347074,4.9052696,8.371418,20.524773
$1000/MWh,Slower Growth,FY2030,1,13128,6.3597198,5.065073,7.9847775,16.537739
$1000/MWh,Slower Growth,FY2030,2,13128,6.691037,5.3400497,8.728691,16.937807
$1000/MWh,Slower Growth,FY2030,3,13128,7.1682296,5.6315384,9.192244,18.092127
$1000/MWh,Slower Growth,FY2030,4,13128,7.0914493,5.8039436,8.909857,18.073057
$1000/MWh,Slower Growth,FY2030,5,13128,7.3338737,6.389366,9.48517,16.741383
$1000/MWh,Slower Growth,FY2030,6,13128,8.742957,8.01738,11.68194,19.98121
$1000/MWh,Slower Growth,FY2030,7,13128,8.565313,7.3305674,11.605376,24.69285
$1000/MWh,Slower Growth,FY2030,8,13128,7.1001773,7.240984,11.230542,20.451242
$1000/MWh,Slower Growth,FY2030,9,13128,9.326971,8.33551,12.982768,21.903921
$1000/MWh,Slower Growth,FY2030,10,13128,10.973543,9.632724,14.436407,24.538157
$1000/MWh,Slower Growth,FY2030,11,13128,11.2310705,9.936806,14.930248,24.254702
$1000/MWh,Slower Growth,FY2030,12,13128,11.158886,10.067632,15.147205,24.518093
$1000/MWh,Slower Growth,FY2030,13,13128,10.652201,9.733101,14.93001,25.179785
$1000/MWh,Slower Growth,FY2030,14,13128,10.103404,8.937397,14.204428,24.473293
$1000/MWh,Slower Growth,FY2030,15,13128,9.173501,8.012585,12.908681,23.009363
$1000/MWh,Slower Growth,FY2030,16,13128,8.505889,7.452696,12.453104,24.505756
$1000/MWh,Slower Growth,FY2030,17,13128,9.36715,7.456726,13.704552,32.600513
$1000/MWh,Slower Growth,FY2030,18,13128,8.86526,6.218033,13.1765175,37.645584
$1000/MWh,Slower Growth,FY2030,19,13128,7.1843657,4.685505,9.107067,28.918142
$1000/MWh,Slower Growth,FY2030,20,13128,6.85823,4.735325,8.027153,22.36257
$1000/MWh,Slower Growth,FY2030,21,13128,6.405264,4.673191,7.3002853,20.85546
$1000/MWh,Slower Growth,FY2030,22,13128,6.616295,4.435951,7.344,22.444065
$1000/MWh,Slower Growth,FY2030,23,13128,5.653129,4.2063255,6.661669,18.568136
$1000/MWh,Step Change,FY2026,0,13116,1.9481015,1.3176918,2.6717072,7.044401
$1000/MWh,Step Change,FY2026,1,13128,1.8959893,1.3986702,2.6105595,6.1763434
$1000/MWh,Step Change,FY2026,2,13128,2.080146,1.5084763,2.8270607,6.8617887
$1000/MWh,Step Change,FY2026,3,13128,2.2294254,1.6196747,2.9306507,7.13473
$1000/MWh,Step Change,FY2026,4,13128,2.2682545,1.6310654,3.0026932,7.173069
$1000/MWh,Step Change,FY2026,5,13128,2.2728422,1.7029953,3.295249,6.6969805
$1000/MWh,Step Change,FY2026,6,13128,2.7067554,2.153183,4.055542,8.238177
$1000/MWh,Step Change,FY2026,7,13128,2.6956537,2.0055676,4.062458,9.549702
$1000/MWh,Step Change,FY2026,8,13128,2.2041616,1.959259,3.9817772,8.529769
$1000/MWh,Step Change,FY2026,9,13128,2.8466501,2.2723656,4.3996973,8.831481
$1000/MWh,Step Change,FY2026,10,13128,3.3599775,2.7130222,4.9464474,9.544521
$1000/MWh,Step Change,FY2026,11,13128,3.445512,2.784566,5.0243707,9.710353
$1000/MWh,Step Change,FY2026,12,13128,3.376756,2.7342224,4.9602385,9.777098
$1000/MWh,Step Change,FY2026,13,13128,3.251248,2.631466,4.871314,9.697728
$1000/MWh,Step Change,FY2026,14,13128,3.112018,2.4948196,4.7522516,9.414092
$1000/MWh,Step Change,FY2026,15,13128,2.776168,2.235138,4.334854,8.883546
$1000/MWh,Step Change,FY2026,16,13128,2.6220691,1.8705177,4.240858,9.859812
$1000/MWh,Step Change,FY2026,17,13128,2.8773036,1.7582893,4.5940437,12.29307
$1000/MWh,Step Change,FY2026,18,13128,2.8234613,1.4004974,4.3261642,14.437646
$1000/MWh,Step Change,FY2026,19,13128,2.2230885,1.0148544,2.8950596,10.353473
$1000/MWh,Step Change,FY2026,20,13128,2.0524647,1.1589661,2.6852188,7.792806
$1000/MWh,Step Change,FY2026,21,13128,1.8789032,1.2264175,2.569746,6.885089
$1000/MWh,Step Change,FY2026,22,13128,1.902148,1.1766319,2.4741726,6.6987534
$1000/MWh,Step Change,FY2026,23,13128,1.6551138,1.1107521,2.26758,5.645186
$1000/MWh,Step Change,FY2027,0,13116,4.6227317,3.3749733,5.7589207,14.400482
$1000/MWh,Step Change,FY2027,1,13128,4.387254,3.4920387,5.6499805,11.977068
$1000/MWh,Step Change,FY2027,2,13128,4.711208,3.69635,6.1961327,12.55461
$1000/MWh,Step Change,FY2027,3,13128,5.0817556,3.9329147,6.6016655,13.527139
$1000/MWh,Step Change,FY2027,4,13128,5.018533,4.010895,6.4700437,13.282053
$1000/MWh,Step Change,FY2027,5,13128,5.1300216,4.363968,6.8384895,12.374957
$1000/MWh,Step Change,FY2027,6,13128,6.1193814,5.482792,8.439579,15.138122
$1000/MWh,Step Change,FY2027,7,13128,5.98377,5.0599117,8.4960575,17.729868
$1000/MWh,Step Change,FY2027,8,13128,4.9534283,4.910795,8.139925,15.30764
$1000/MWh,Step Change,FY2027,9,13128,6.475781,5.718736,9.190314,16.462244
$1000/MWh,Step Change,FY2027,10,13128,7.6489453,6.668933,10.263415,18.08959
$1000/MWh,Step Change,FY2027,11,13128,7.8435163,6.8336954,10.549721,17.984509
$1000/MWh,Step Change,FY2027,12,13128,7.7236013,6.740551,10.564709,18.145592
$1000/MWh,Step Change,FY2027,13,13128,7.466893,6.6465387,10.503357,18.428427
$1000/MWh,Step Change,FY2027,14,13128,7.067306,6.1515617,10.071051,18.118126
$1000/MWh,Step Change,FY2027,15,13128,6.328241,5.4771814,9.17008,16.881508
$1000/MWh,Step Change,FY2027,16,13128,5.938045,5.0811663,8.9837,18.471865
$1000/MWh,Step Change,FY2027,17,13128,6.494304,5.102463,9.864891,24.341501
$1000/MWh,Step Change,FY2027,18,13128,6.2823844,4.173889,9.566151,27.220263
$1000/MWh,Step Change,FY2027,19,13128,4.9562826,3.0801811,6.469265,21.851784
$1000/MWh,Step Change,FY2027,20,13128,4.7229934,3.2101746,5.668913,16.305857
$1000/MWh,Step Change,FY2027,21,13128,4.3700457,3.1576805,5.272339,14.926045
$1000/MWh,Step Change,FY2027,22,13128,4.5021553,3.058239,5.1349354,16.06661
$1000/MWh,Step Change,FY2027,23,13128,3.8328905,2.8805695,4.7973137,11.952206
$1000/MWh,Step Change,FY2028,0,13116,7.653994,5.5513077,9.521868,23.06577
$1000/MWh,Step Change,FY2028,1,13128,7.22602,5.761257,9.041801,18.856932
$1000/MWh,Step Change,FY2028,2,13128,7.5116987,6.0326805,9.731241,18.649979
$1000/MWh,Step Change,FY2028,3,13128,8.056319,6.376503,10.341055,20.05443
$1000/MWh,Step Change,FY2028,4,13128,8.028633,6.574478,10.065334,20.258589
$1000/MWh,Step Change,FY2028,5,13128,8.282607,7.2383537,10.553379,18.535793
$1000/MWh,Step Change,FY2028,6,13128,9.898475,9.161835,13.015802,22.006842
$1000/MWh,Step Change,FY2028,7,13128,9.599818,8.312094,13.016201,27.182257
$1000/MWh,Step Change,FY2028,8,13128,8.000415,8.165932,12.501707,22.707697
$1000/MWh,Step Change,FY2028,9,13128,10.4938,9.432006,14.508288,24.478397
$1000/MWh,Step Change,FY2028,10,13128,12.370531,10.868256,16.13853,27.262333
$1000/MWh,Step Change,FY2028,11,13128,12.674846,11.280041,16.616581,27.00816
$1000/MWh,Step Change,FY2028,12,13128,12.634975,11.490759,16.935276,27.286528
$1000/MWh,Step Change,FY2028,13,13128,12.043962,11.056127,16.768333,27.713507
$1000/MWh,Step Change,FY2028,14,13128,11.404054,10.224155,15.889072,27.261108
$1000/MWh,Step Change,FY2028,15,13128,10.37833,9.153798,14.544601,25.757387
$1000/MWh,Step Change,FY2028,16,13128,9.6797,8.427067,14.019989,27.523338
$1000/MWh,Step Change,FY2028,17,13128,10.606113,8.541004,15.369156,35.593544
$1000/MWh,Step Change,FY2028,18,13128,9.950656,7.2081146,14.726002,40.575455
$1000/MWh,Step Change,FY2028,19,13128,8.162104,5.3766403,10.436249,31.983278
$1000/MWh,Step Change,FY2028,20,13128,7.800985,5.368244,8.950203,24.650265
$1000/MWh,Step Change,FY2028,21,13128,7.316521,5.2719,8.142736,23.498692
$1000/MWh,Step Change,FY2028,22,13128,7.5391665,5.0172157,8.366093,25.102669
$1000/MWh,Step Change,FY2028,23,13128,6.431665,4.7893867,7.5109596,20.589231
$1000/MWh,Step Change,FY2029,0,13116,11.685086,8.373722,14.370846,33.821205
$1000/MWh,Step Change,FY2029,1,13128,11.086294,8.752312,13.767067,28.26717
$1000/MWh,Step Change,FY2029,2,13128,11.034624,9.010681,14.048058,26.864054
$1000/MWh,Step Change,FY2029,3,13128,11.850877,9.579052,15.187107,28.465714
$1000/MWh,Step Change,FY2029,4,13128,11.797807,9.832069,14.805986,28.857574
$1000/MWh,Step Change,FY2029,5,13128,12.484811,10.96772,15.750114,26.426334
$1000/MWh,Step Change,FY2029,6,13128,14.7279415,13.917446,19.352081,32.437386
$1000/MWh,Step Change,FY2029,7,13128,13.863741,12.392174,18.66486,39.261314
$1000/MWh,Step Change,FY2029,8,13128,11.565416,12.054371,17.988104,31.612791
$1000/MWh,Step Change,FY2029,9,13128,15.452972,14.048888,20.999527,35.160866
$1000/MWh,Step Change,FY2029,10,13128,18.458288,16.583263,23.83722,38.662247
$1000/MWh,Step Change,FY2029,11,13128,18.951815,17.245579,24.344418,38.68402
$1000/MWh,Step Change,FY2029,12,13128,18.804998,17.56761,24.61291,40.14332
$1000/MWh,Step Change,FY2029,13,13128,18.128437,16.936989,24.62753,40.450687
$1000/MWh,Step Change,FY2029,14,13128,17.094524,15.462062,23.525063,39.47599
$1000/MWh,Step Change,FY2029,15,13128,15.672846,13.683139,21.702038,37.315205
$1000/MWh,Step Change,FY2029,16,13128,14.696127,12.680618,20.84653,40.339794
$1000/MWh,Step Change,FY2029,17,13128,15.911583,13.216091,22.634447,50.433544
$1000/MWh,Step Change,FY2029,18,13128,14.889456,11.201263,21.57684,54.884853
$1000/MWh,Step Change,FY2029,19,13128,12.477146,8.416065,15.632278,48.402893
$1000/MWh,Step Change,FY2029,20,13128,11.862214,8.095959,13.966999,38.300014
$1000/MWh,Step Change,FY2029,21,13128,11.408471,8.075939,12.653278,35.260513
$1000/MWh,Step Change,FY2029,22,13128,11.8011,7.748741,13.089535,40.635273
$1000/MWh,Step Change,FY2029,23,13128,10.079427,7.304405,11.506454,30.940235
$1000/MWh,Step Change,FY2030,0,13116,17.229727,12.340191,22.307678,48.285835
$1000/MWh,Step Change,FY2030,1,13128,16.464859,12.6482315,20.811281,41.42749
$1000/MWh,Step Change,FY2030,2,13128,15.727579,12.961573,20.129591,37.47616
$1000/MWh,Step Change,FY2030,3,13128,16.68835,13.623177,20.890236,38.615276
$1000/MWh,Step Change,FY2030,4,13128,16.664759,13.847046,20.42601,39.015438
$1000/MWh,Step Change,FY2030,5,13128,18.081936,16.01585,22.674355,37.65027
$1000/MWh,Step Change,FY2030,6,13128,20.887825,20.160685,27.196133,44.985188
$1000/MWh,Step Change,FY2030,7,13128,18.896338,17.625114,26.193964,50.868534
$1000/MWh,Step Change,FY2030,8,13128,15.936324,16.958838,25.081642,43.132816
$1000/MWh,Step Change,FY2030,9,13128,21.571962,19.820156,29.423985,49.146725
$1000/MWh,Step Change,FY2030,10,13128,26.382524,23.843777,33.55361,54.240543
$1000/MWh,Step Change,FY2030,11,13128,27.054905,25.180363,34.427467,54.07838
$1000/MWh,Step Change,FY2030,12,13128,26.645023,25.299778,34.620335,56.49053
$1000/MWh,Step Change,FY2030,13,13128,25.74329,24.527412,34.818016,55.667286
$1000/MWh,Step Change,FY2030,14,13128,24.511389,22.654858,33.64631,55.085056
$1000/MWh,Step Change,FY2030,15,13128,22.540537,19.588171,31.121956,53.453335
$1000/MWh,Step Change,FY2030,16,13128,21.299112,18.24878,30.099617,56.351677
$1000/MWh,Step Change,FY2030,17,13128,23.012716,19.831535,32.57654,68.118126
$1000/MWh,Step Change,FY2030,18,13128,21.302507,16.455345,29.72414,74.4124
$1000/MWh,Step Change,FY2030,19,13128,18.133135,12.493507,22.803375,65.106636
$1000/MWh,Step Change,FY2030,20,13128,17.380756,11.697628,20.530363,59.486546
$1000/MWh,Step Change,FY2030,21,13128,17.020805,11.658157,18.841286,53.144337
$1000/MWh,Step Change,FY2030,22,13128,17.772291,11.420742,20.351427,58.572372
$1000/MWh,Step Change,FY2030,23,13128,15.466232,10.841108,17.622753,47.659565
p99,Accelerated Transition,FY2026,0,13116,2.8353064,1.9650917,3.7381086,9.993586
p99,Accelerated Transition,FY2026,1,13128,2.7642312,2.0591908,3.658472,8.697609
p99,Accelerated Transition,FY2026,2,13128,2.9363482,2.1496563,3.9015121,9.0587225
p99,Accelerated Transition,FY2026,3,13128,3.1765678,2.233551,4.0841627,9.9237175
p99,Accelerated Transition,FY2026,4,13128,3.2253268,2.3663712,4.2111053,9.780863
p99,Accelerated Transition,FY2026,5,13128,3.2538104,2.5030632,4.4519005,9.28829
p99,Accelerated Transition,FY2026,6,13128,3.854828,3.2845802,5.5773168,10.676477
p99,Accelerated Transition,FY2026,7,13128,3.5486174,2.9733162,5.4637356,11.65408
p99,Accelerated Transition,FY2026,8,13128,3.121013,2.959301,5.3170214,11.127372
p99,Accelerated Transition,FY2026,9,13128,3.9338183,3.3575757,5.9605627,11.514965
p99,Accelerated Transition,FY2026,10,13128,4.7955756,3.9877305,6.720868,12.645505
p99,Accelerated Transition,FY2026,11,13128,4.9542475,4.194952,6.863299,12.917519
p99,Accelerated Transition,FY2026,12,13128,4.8721046,4.1493263,6.9372654,12.8918705
p99,Accelerated Transition,FY2026,13,13128,4.6353045,3.9312506,6.8105736,12.953191
p99,Accelerated Transition,FY2026,14,13128,4.403781,3.6599526,6.433399,12.784358
p99,Accelerated Transition,FY2026,15,13128,3.8407927,3.2329636,5.8307056,11.959571
p99,Accelerated Transition,FY2026,16,13128,3.4564624,2.8637695,5.5078964,12.526108
p99,Accelerated Transition,FY2026,17,13128,3.576637,2.6340103,5.9981365,14.115152
p99,Accelerated Transition,FY2026,18,13128,3.334478,2.1996307,5.729763,15.039266
p99,Accelerated Transition,FY2026,19,13128,2.8399472,1.8401947,4.2007446,12.704358
p99,Accelerated Transition,FY2026,20,13128,2.6987882,1.9224472,3.8889446,9.466156
p99,Accelerated Transition,FY2026,21,13128,2.5159295,1.8095322,3.6040058,8.591449
p99,Accelerated Transition,FY2026,22,13128,2.5368407,1.7715073,3.4173622,8.890111
p99,Accelerated Transition,FY2026,23,13128,2.3186677,1.696785,3.1783028,7.9264603
p99,Accelerated Transition,FY2027,0,13116,6.8731847,5.026203,8.718561,21.257872
p99,Accelerated Transition,FY2027,1,13128,6.71905,5.189577,8.656706,18.147135
p99,Accelerated Transition,FY2027,2,13128,6.969438,5.550354,8.879879,18.384527
p99,Accelerated Transition,FY2027,3,13128,7.521713,5.745323,9.646177,20.318306
p99,Accelerated Transition,FY2027,4,13128,7.532207,5.9953156,9.549942,19.83551
p99,Accelerated Transition,FY2027,5,13128,7.8112025,6.6071625,10.290762,18.356796
p99,Accelerated Transition,FY2027,6,13128,9.121346,8.50124,12.498456,20.416716
p99,Accelerated Transition,FY2027,7,13128,8.305053,7.5169277,12.041895,23.469366
p99,Accelerated Transition,FY2027,8,13128,7.3951597,7.3322296,11.539866,21.760063
p99,Accelerated Transition,FY2027,9,13128,9.475467,8.53484,13.335098,23.150814
p99,Accelerated Transition,FY2027,10,13128,11.355166,9.990252,15.088043,25.542168
p99,Accelerated Transition,FY2027,11,13128,11.715448,10.468851,15.564173,25.61297
p99,Accelerated Transition,FY2027,12,13128,11.735413,10.64801,16.061577,26.539396
p99,Accelerated Transition,FY2027,13,13128,10.991008,9.972828,15.572969,26.810127
p99,Accelerated Transition,FY2027,14,13128,10.422744,9.284649,14.704302,25.796425
p99,Accelerated Transition,FY2027,15,13128,9.329062,8.09148,13.470444,24.643173
p99,Accelerated Transition,FY2027,16,13128,8.348245,7.3052635,12.798439,24.614964
p99,Accelerated Transition,FY2027,17,13128,8.347859,7.142868,13.463024,26.356068
p99,Accelerated Transition,FY2027,18,13128,7.8860903,6.6747246,13.089478,26.237926
p99,Accelerated Transition,FY2027,19,13128,6.8967667,5.155613,10.273821,25.777042
p99,Accelerated Transition,FY2027,20,13128,6.5704646,5.07827,8.835793,20.10154
p99,Accelerated Transition,FY2027,21,13128,6.1368055,4.7903767,8.123219,18.263313
p99,Accelerated Transition,FY2027,22,13128,6.284988,4.618229,7.8877106,19.363722
p99,Accelerated Transition,FY2027,23,13128,5.665182,4.323189,7.0874386,18.063932
p99,Accelerated Transition,FY2028,0,13116,12.743353,9.286417,16.7598,36.860306
p99,Accelerated Transition,FY2028,1,13128,12.608166,9.803425,16.23727,32.641796
p99,Accelerated Transition,FY2028,2,13128,12.550354,10.291861,16.026823,31.334562
p99,Accelerated Transition,FY2028,3,13128,13.566115,10.977249,17.243725,32.73352
p99,Accelerated Transition,FY2028,4,13128,13.517855,11.182827,16.84372,32.934643
p99,Accelerated Transition,FY2028,5,13128,14.328571,12.42424,18.369066,30.97771
p99,Accelerated Transition,FY2028,6,13128,16.431583,15.838607,21.628773,35.28865
p99,Accelerated Transition,FY2028,7,13128,14.436309,13.705713,20.991585,40.442493
p99,Accelerated Transition,FY2028,8,13128,12.899555,13.2461605,20.070656,35.567352
p99,Accelerated Transition,FY2028,9,13128,16.98351,15.526516,23.82584,38.967457
p99,Accelerated Transition,FY2028,10,13128,20.566534,18.562939,26.738625,43.647156
p99,Accelerated Transition,FY2028,11,13128,21.227032,19.736534,27.358284,43.806366
p99,Accelerated Transition,FY2028,12,13128,21.171013,19.838337,27.905441,46.531677
p99,Accelerated Transition,FY2028,13,13128,20.172451,18.867857,27.74432,46.32701
p99,Accelerated Transition,FY2028,14,13128,18.951826,17.097092,26.297243,45.3127
p99,Accelerated Transition,FY2028,15,13128,17.180399,14.893696,23.95893,43.84264
p99,Accelerated Transition,FY2028,16,13128,15.558821,13.48053,22.778578,42.545082
p99,Accelerated Transition,FY2028,17,13128,15.3716755,13.779427,23.490032,43.66393
p99,Accelerated Transition,FY2028,18,13128,14.070702,12.417801,22.916058,41.518692
p99,Accelerated Transition,FY2028,19,13128,12.835771,10.081562,18.81982,42.47766
p99,Accelerated Transition,FY2028,20,13128,12.169597,9.762054,15.960197,35.537365
p99,Accelerated Transition,FY2028,21,13128,11.777721,9.431381,14.888966,33.99046
p99,Accelerated Transition,FY2028,22,13128,11.94095,8.960846,14.68152,35.31924
p99,Accelerated Transition,FY2028,23,13128,11.033622,8.41077,13.388666,32.83213
p99,Accelerated Transition,FY2029,0,13116,20.822601,15.671633,29.736542,56.44938
p99,Accelerated Transition,FY2029,1,13128,20.854902,16.229317,27.872236,50.711296
p99,Accelerated Transition,FY2029,2,13128,20.140636,16.208218,26.297682,47.732574
p99,Accelerated Transition,FY2029,3,13128,21.484947,17.379492,26.817715,48.945503
p99,Accelerated Transition,FY2029,4,13128,21.727205,18.110641,26.163094,48.85632
p99,Accelerated Transition,FY2029,5,13128,22.968527,19.96574,29.091124,48.1972
p99,Accelerated Transition,FY2029,6,13128,25.652029,24.775784,33.995815,55.338875
p99,Accelerated Transition,FY2029,7,13128,21.338276,21.191282,32.120445,59.64957
p99,Accelerated Transition,FY2029,8,13128,19.264803,20.724459,31.242485,53.564415
p99,Accelerated Transition,FY2029,9,13128,25.92441,24.28492,36.601063,59.175133
p99,Accelerated Transition,FY2029,10,13128,32.24394,29.967514,41.93828,67.7389
p99,Accelerated Transition,FY2029,11,13128,33.23496,31.58707,43.19668,67.73892
p99,Accelerated Transition,FY2029,12,13128,33.001167,31.997345,43.91387,71.303925
p99,Accelerated Transition,FY2029,13,13128,31.539001,30.531733,43.625015,68.96355
p99,Accelerated Transition,FY2029,14,13128,30.032436,27.6596,41.78117,68.843185
p99,Accelerated Transition,FY2029,15,13128,27.159628,23.276352,37.709816,68.86454
p99,Accelerated Transition,FY2029,16,13128,25.131401,21.98154,36.625072,65.09239
p99,Accelerated Transition,FY2029,17,13128,24.281979,21.943604,37.289616,64.90999
p99,Accelerated Transition,FY2029,18,13128,21.898767,19.28331,34.470097,59.969746
p99,Accelerated Transition,FY2029,19,13128,20.274363,15.959175,29.576817,62.55572
p99,Accelerated Transition,FY2029,20,13128,19.772718,15.700684,26.100073,57.521782
p99,Accelerated Transition,FY2029,21,13128,19.589193,15.463951,24.59718,54.207813
p99,Accelerated Transition,FY2029,22,13128,20.072456,15.128986,25.041992,57.71952
p99,Accelerated Transition,FY2029,23,13128,19.064857,14.321339,22.798859,54.300663
p99,Accelerated Transition,FY2030,0,13116,35.136078,28.028908,53.186314,87.58171
p99,Accelerated Transition,FY2030,1,13128,33.715797,26.888863,48.065865,77.92836
p99,Accelerated Transition,FY2030,2,13128,32.044743,25.145355,43.09182,72.28647
p99,Accelerated Transition,FY2030,3,13128,34.132343,28.331837,41.751472,73.71823
p99,Accelerated Transition,FY2030,4,13128,34.36433,29.539497,41.223385,72.0365
p99,Accelerated Transition,FY2030,5,13128,36.07841,31.58158,46.31327,73.60274
p99,Accelerated Transition,FY2030,6,13128,38.69991,37.559616,53.59521,86.58136
p99,Accelerated Transition,FY2030,7,13128,30.022753,30.482086,48.18601,87.883644
p99,Accelerated Transition,FY2030,8,13128,26.473446,29.652534,46.33821,76.82291
p99,Accelerated Transition,FY2030,9,13128,37.073994,36.051254,53.335445,86.55648
p99,Accelerated Transition,FY2030,10,13128,47.68343,44.737144,62.770725,102.079384
p99,Accelerated Transition,FY2030,11,13128,50.168926,48.56299,66.011,100.95363
p99,Accelerated Transition,FY2030,12,13128,49.525013,48.497185,67.299164,104.9743
p99,Accelerated Transition,FY2030,13,13128,47.303932,46.463825,66.2413,103.90695
p99,Accelerated Transition,FY2030,14,13128,45.81589,42.393227,63.770958,104.64888
p99,Accelerated Transition,FY2030,15,13128,41.159653,35.764984,57.690308,100.79555
p99,Accelerated Transition,FY2030,16,13128,38.640293,36.184307,57.850864,93.09119
p99,Accelerated Transition,FY2030,17,13128,38.68627,36.872643,57.792133,93.12386
p99,Accelerated Transition,FY2030,18,13128,33.722363,30.813156,51.71485,82.74415
p99,Accelerated Transition,FY2030,19,13128,31.46474,25.515488,46.08491,88.22818
p99,Accelerated Transition,FY2030,20,13128,30.901646,24.406662,40.878242,89.181755
p99,Accelerated Transition,FY2030,21,13128,31.249168,24.304401,39.13468,87.32208
p99,Accelerated Transition,FY2030,22,13128,32.790173,25.697975,43.022964,88.414154
p99,Accelerated Transition,FY2030,23,13128,31.811882,23.946186,42.504593,87.5923
p99,Slower Growth,FY2026,0,13116,1.1231568,0.62976074,1.6102848,4.8855553
p99,Slower Growth,FY2026,1,13128,1.1017402,0.6657448,1.59408,4.4954076
p99,Slower Growth,FY2026,2,13128,1.1834193,0.71003723,1.6805706,4.698585
p99,Slower Growth,FY2026,3,13128,1.2801008,0.71995544,1.7241459,5.153224
p99,Slower Growth,FY2026,4,13128,1.304226,0.7881813,1.766552,5.163989
p99,Slower Growth,FY2026,5,13128,1.3442855,0.83875656,1.9644451,4.8577447
p99,Slower Growth,FY2026,6,13128,1.5252411,1.0265656,2.368225,5.600625
p99,Slower Growth,FY2026,7,13128,1.4372056,0.94433403,2.3759756,6.226225
p99,Slower Growth,FY2026,8,13128,1.2240349,0.9295559,2.3513603,6.008949
p99,Slower Growth,FY2026,9,13128,1.5706776,1.0850563,2.5437105,6.270668
p99,Slower Growth,FY2026,10,13128,1.9216195,1.3048744,2.9037027,6.695458
p99,Slower Growth,FY2026,11,13128,1.983892,1.3246498,3.0443053,6.8055973
p99,Slower Growth,FY2026,12,13128,1.9722141,1.2614708,3.060238,6.8844986
p99,Slower Growth,FY2026,13,13128,1.867735,1.2113008,2.9182854,6.8499656
p99,Slower Growth,FY2026,14,13128,1.7692157,1.1727848,2.7775297,6.6923385
p99,Slower Growth,FY2026,15,13128,1.529971,1.0392208,2.535225,6.2159843
p99,Slower Growth,FY2026,16,13128,1.3899378,0.89063644,2.3525038,6.689419
p99,Slower Growth,FY2026,17,13128,1.4425443,0.60272217,2.4113197,7.6782665
p99,Slower Growth,FY2026,18,13128,1.374001,0.3812561,2.3151588,7.751461
p99,Slower Growth,FY2026,19,13128,1.1423482,0.39950562,1.6825352,5.75825
p99,Slower Growth,FY2026,20,13128,1.0619946,0.51883316,1.6637802,4.859884
p99,Slower Growth,FY2026,21,13128,0.9700941,0.53513336,1.5332069,4.269104
p99,Slower Growth,FY2026,22,13128,0.9786932,0.57056046,1.4599266,4.1598153
p99,Slower Growth,FY2026,23,13128,0.92497706,0.5428581,1.3844881,3.9959106
p99,Slower Growth,FY2027,0,13116,2.2551613,1.5169601,3.0370731,8.4204445
p99,Slower Growth,FY2027,1,13128,2.210088,1.5937729,2.9763184,7.376184
p99,Slower Growth,FY2027,2,13128,2.365503,1.6921883,3.1197205,7.5742655
p99,Slower Growth,FY2027,3,13128,2.5499249,1.7275143,3.3116913,8.416214
p99,Slower Growth,FY2027,4,13128,2.590022,1.8370056,3.3784828,8.12339
p99,Slower Growth,FY2027,5,13128,2.617987,1.9738235,3.601488,7.878292
p99,Slower Growth,FY2027,6,13128,3.0807443,2.5174885,4.4957943,9.06603
p99,Slower Growth,FY2027,7,13128,2.8540554,2.3152618,4.4552155,9.837055
p99,Slower Growth,FY2027,8,13128,2.5226636,2.277649,4.4212627,9.587414
p99,Slower Growth,FY2027,9,13128,3.1505613,2.6141415,4.839699,9.858959
p99,Slower Growth,FY2027,10,13128,3.8584316,3.1329193,5.51865,10.667523
p99,Slower Growth,FY2027,11,13128,3.9507542,3.273819,5.5488873,10.892029
p99,Slower Growth,FY2027,12,13128,3.903097,3.1616745,5.644517,10.887272
p99,Slower Growth,FY2027,13,13128,3.7310371,3.0268383,5.55604,11.2122345
p99,Slower Growth,FY2027,14,13128,3.5380633,2.8371162,5.2668233,10.911913
p99,Slower Growth,FY2027,15,13128,3.0664473,2.4935188,4.7180214,10.13312
p99,Slower Growth,FY2027,16,13128,2.763461,2.2391758,4.4701157,10.64429
p99,Slower Growth,FY2027,17,13128,2.8979647,2.0007324,4.826708,12.178278
p99,Slower Growth,FY2027,18,13128,2.6451085,1.6053352,4.652031,12.744181
p99,Slower Growth,FY2027,19,13128,2.262518,1.3335571,3.396408,10.403652
p99,Slower Growth,FY2027,20,13128,2.155815,1.4502525,3.1934643,7.866155
p99,Slower Growth,FY2027,21,13128,2.0041347,1.4189339,2.9651527,7.1055236
p99,Slower Growth,FY2027,22,13128,2.0140598,1.4027176,2.808958,7.21756
p99,Slower Growth,FY2027,23,13128,1.8555852,1.325592,2.5654202,6.6847396
p99,Slower Growth,FY2028,0,13116,3.4138393,2.4571762,4.411566,11.607578
p99,Slower Growth,FY2028,1,13128,3.3257108,2.5080948,4.3742676,9.969835
p99,Slower Growth,FY2028,2,13128,3.524552,2.5983315,4.658718,10.402276
p99,Slower Growth,FY2028,3,13128,3.821782,2.7182732,4.8804264,11.359443
p99,Slower Growth,FY2028,4,13128,3.8550444,2.8876057,5.073063,11.148715
p99,Slower Growth,FY2028,5,13128,3.910794,3.0628815,5.266141,10.7176895
p99,Slower Growth,FY2028,6,13128,4.6026344,3.98744,6.608006,12.118711
p99,Slower Growth,FY2028,7,13128,4.2376037,3.6103363,6.4388714,13.374739
p99,Slower Growth,FY2028,8,13128,3.7741392,3.6009865,6.294609,12.487383
p99,Slower Growth,FY2028,9,13128,4.7283735,4.11026,6.9840775,13.241226
p99,Slower Growth,FY2028,10,13128,5.7169447,4.790573,7.9251595,14.627945
p99,Slower Growth,FY2028,11,13128,5.920105,5.016267,8.067463,14.714316
p99,Slower Growth,FY2028,12,13128,5.85675,4.964261,8.3011055,15.144353
p99,Slower Growth,FY2028,13,13128,5.5381546,4.812609,8.044533,15.2420635
p99,Slower Growth,FY2028,14,13128,5.2968297,4.4576535,7.620803,14.745783
p99,Slower Growth,FY2028,15,13128,4.6206994,3.8931885,6.934819,13.800968
p99,Slower Growth,FY2028,16,13128,4.1600933,3.5481033,6.608176,14.131857
p99,Slower Growth,FY2028,17,13128,4.2356434,3.2668,7.1036186,15.810609
p99,Slower Growth,FY2028,18,13128,3.990875,2.8481064,6.7127,16.826643
p99,Slower Growth,FY2028,19,13128,3.42197,2.3141747,5.0029354,14.80565
p99,Slower Growth,FY2028,20,13128,3.2819004,2.4159927,4.636053,10.939796
p99,Slower Growth,FY2028,21,13128,3.004402,2.2393322,4.248478,10.043012
p99,Slower Growth,FY2028,22,13128,3.0690715,2.186325,3.9992924,10.405111
p99,Slower Growth,FY2028,23,13128,2.7809613,2.0840683,3.7324867,9.041372
p99,Slower Growth,FY2029,0,13116,4.856538,3.5415802,6.1578045,15.944471
p99,Slower Growth,FY2029,1,13128,4.7225113,3.635704,6.1058292,13.159831
p99,Slower Growth,FY2029,2,13128,4.9866543,3.88031,6.3953323,13.639808
p99,Slower Growth,FY2029,3,13128,5.376449,3.956936,6.77724,15.346947
p99,Slower Growth,FY2029,4,13128,5.389456,4.1970673,6.9823284,14.950394
p99,Slower Growth,FY2029,5,13128,5.524658,4.570099,7.4115105,13.912919
p99,Slower Growth,FY2029,6,13128,6.5047507,5.9153786,9.101384,15.7969265
p99,Slower Growth,FY2029,7,13128,5.9694624,5.305502,8.860821,17.74493
p99,Slower Growth,FY2029,8,13128,5.2885666,5.2283564,8.454003,16.461977
p99,Slower Growth,FY2029,9,13128,6.70921,5.980194,9.599775,17.277008
p99,Slower Growth,FY2029,10,13128,8.101504,6.98746,11.011192,19.459637
p99,Slower Growth,FY2029,11,13128,8.367489,7.276512,11.200636,19.305885
p99,Slower Growth,FY2029,12,13128,8.325603,7.242777,11.451952,19.700752
p99,Slower Growth,FY2029,13,13128,7.8994894,6.9758744,11.129797,20.197073
p99,Slower Growth,FY2029,14,13128,7.4648266,6.530529,10.5973835,19.331423
p99,Slower Growth,FY2029,15,13128,6.549601,5.680065,9.661355,18.34227
p99,Slower Growth,FY2029,16,13128,5.9096155,5.132271,9.162342,18.44275
p99,Slower Growth,FY2029,17,13128,5.9307795,4.873535,9.8516655,20.36334
p99,Slower Growth,FY2029,18,13128,5.6419663,4.616619,9.391285,21.04255
p99,Slower Growth,FY2029,19,13128,4.83367,3.4552193,7.0225716,19.313046
p99,Slower Growth,FY2029,20,13128,4.6356287,3.522564,6.3970795,14.915525
p99,Slower Growth,FY2029,21,13128,4.310694,3.3283844,5.9542875,13.244967
p99,Slower Growth,FY2029,22,13128,4.408524,3.1918068,5.591507,14.514238
p99,Slower Growth,FY2029,23,13128,3.9626606,2.991459,5.0877914,12.711218
p99,Slower Growth,FY2030,0,13116,6.577218,4.8537445,8.37159,20.375154
p99,Slower Growth,FY2030,1,13128,6.423086,4.968586,8.328714,17.33006
p99,Slower Growth,FY2030,2,13128,6.695752,5.345398,8.527471,17.78538
p99,Slower Growth,FY2030,3,13128,7.2171817,5.496151,9.306608,19.559793
p99,Slower Growth,FY2030,4,13128,7.222985,5.7189445,9.191351,19.053425
p99,Slower Growth,FY2030,5,13128,7.485533,6.321102,9.862638,17.774672
p99,Slower Growth,FY2030,6,13128,8.735341,8.150703,12.06869,19.782839
p99,Slower Growth,FY2030,7,13128,7.9581065,7.20465,11.576933,22.483852
p99,Slower Growth,FY2030,8,13128,7.1087437,7.0220337,11.134218,21.037596
p99,Slower Growth,FY2030,9,13128,9.094199,8.2337055,12.813988,22.316166
p99,Slower Growth,FY2030,10,13128,10.905781,9.584587,14.4926195,24.846807
p99,Slower Growth,FY2030,11,13128,11.238048,10.009126,14.967335,24.77226
p99,Slower Growth,FY2030,12,13128,11.254487,10.134403,15.383907,25.724468
p99,Slower Growth,FY2030,13,13128,10.532919,9.614785,14.887379,25.86107
p99,Slower Growth,FY2030,14,13128,9.987975,8.881184,14.163327,24.733585
p99,Slower Growth,FY2030,15,13128,8.927199,7.74835,12.9641075,23.692314
p99,Slower Growth,FY2030,16,13128,7.9936557,6.9508934,12.370174,23.492657
p99,Slower Growth,FY2030,17,13128,7.986571,6.8312263,12.971863,25.33126
p99,Slower Growth,FY2030,18,13128,7.5654445,6.351532,12.655033,25.419888
p99,Slower Growth,FY2030,19,13128,6.594522,4.91333,9.799755,24.833778
p99,Slower Growth,FY2030,20,13128,6.283914,4.873703,8.453762,19.329304
p99,Slower Growth,FY2030,21,13128,5.87227,4.580797,7.8509617,17.400938
p99,Slower Growth,FY2030,22,13128,6.0253515,4.4323177,7.5564365,18.709696
p99,Slower Growth,FY2030,23,13128,5.438153,4.1268425,6.8403854,17.44613
p99,Step Change,FY2026,0,13116,1.9656665,1.3110924,2.6731186,7.7492046
p99,Step Change,FY2026,1,13128,1.9230248,1.3785973,2.59523,6.609664
p99,Step Change,FY2026,2,13128,2.078928,1.4610558,2.7957592,6.874488
p99,Step Change,FY2026,3,13128,2.2303455,1.5052719,2.9176483,7.6696825
p99,Step Change,FY2026,4,13128,2.2702105,1.5857964,3.0006332,7.3344417
p99,Step Change,FY2026,5,13128,2.2932534,1.6713772,3.181387,7.171834
p99,Step Change,FY2026,6,13128,2.6852162,2.1451454,3.9472275,8.275715
p99,Step Change,FY2026,7,13128,2.5012376,1.9614582,3.9726527,8.957107
p99,Step Change,FY2026,8,13128,2.185014,1.9592586,3.8987055,8.531419
p99,Step Change,FY2026,9,13128,2.7650754,2.2169342,4.2746706,9.023901
p99,Step Change,FY2026,10,13128,3.3738208,2.6729927,4.925021,9.767404
p99,Step Change,FY2026,11,13128,3.469195,2.8104887,4.9461565,9.949572
p99,Step Change,FY2026,12,13128,3.423327,2.6709976,5.013281,10.053872
p99,Step Change,FY2026,13,13128,3.2723045,2.5543332,4.9117756,10.127758
p99,Step Change,FY2026,14,13128,3.086355,2.4045258,4.676768,9.799795
p99,Step Change,FY2026,15,13128,2.6756513,2.1249065,4.215392,9.104565
p99,Step Change,FY2026,16,13128,2.4279227,1.9048271,3.9136696,9.688442
p99,Step Change,FY2026,17,13128,2.549668,1.6760826,4.208065,11.010348
p99,Step Change,FY2026,18,13128,2.3193429,1.3322105,4.138611,11.602676
p99,Step Change,FY2026,19,13128,2.001599,1.1109467,3.0360813,9.354606
p99,Step Change,FY2026,20,13128,1.8762949,1.2276726,2.85046,7.0413237
p99,Step Change,FY2026,21,13128,1.7553387,1.2186317,2.6184845,6.4379683
p99,Step Change,FY2026,22,13128,1.7569764,1.194912,2.463894,6.5119677
p99,Step Change,FY2026,23,13128,1.6211689,1.1490631,2.26334,6.017432
p99,Step Change,FY2027,0,13116,4.5622973,3.3296585,5.8336763,14.80015
p99,Step Change,FY2027,1,13128,4.4474673,3.4232368,5.7815065,12.563148
p99,Step Change,FY2027,2,13128,4.697859,3.6162796,6.0865383,12.940387
p99,Step Change,FY2027,3,13128,5.063074,3.6976585,6.4413404,14.519293
p99,Step Change,FY2027,4,13128,5.080611,3.9142036,6.589259,14.284107
p99,Step Change,FY2027,5,13128,5.2124476,4.2724724,6.9961987,13.30106
p99,Step Change,FY2027,6,13128,6.113957,5.4927635,8.634568,15.032628
p99,Step Change,FY2027,7,13128,5.6255994,4.9965057,8.324839,16.79878
p99,Step Change,FY2027,8,13128,4.9723163,4.874256,8.045094,15.505951
p99,Step Change,FY2027,9,13128,6.279808,5.606941,9.075145,16.306276
p99,Step Change,FY2027,10,13128,7.630867,6.5202694,10.420206,18.480562
p99,Step Change,FY2027,11,13128,7.877801,6.815632,10.601971,18.255894
p99,Step Change,FY2027,12,13128,7.8164415,6.775421,10.823193,18.833061
p99,Step Change,FY2027,13,13128,7.4358525,6.566907,10.571976,19.112614
p99,Step Change,FY2027,14,13128,7.0345654,6.1016893,9.984243,18.646183
p99,Step Change,FY2027,15,13128,6.1886253,5.340391,9.143524,17.55479
p99,Step Change,FY2027,16,13128,5.5562134,4.828079,8.675732,17.611828
p99,Step Change,FY2027,17,13128,5.5803347,4.53413,9.266911,19.291998
p99,Step Change,FY2027,18,13128,5.3506794,4.31662,8.896276,20.250114
p99,Step Change,FY2027,19,13128,4.5375695,3.2497654,6.6045265,18.34616
p99,Step Change,FY2027,20,13128,4.3488646,3.3231049,6.0569706,14.100141
p99,Step Change,FY2027,21,13128,4.0480227,3.0932465,5.561384,12.649335
p99,Step Change,FY2027,22,13128,4.1455655,2.989975,5.2915287,13.730917
p99,Step Change,FY2027,23,13128,3.716601,2.8371162,4.79722,11.7747345
p99,Step Change,FY2028,0,13116,7.459651,5.4657936,9.453484,22.783257
p99,Step Change,FY2028,1,13128,7.2983513,5.6438255,9.4165325,19.543776
p99,Step Change,FY2028,2,13128,7.518689,6.0179253,9.543034,19.566133
p99,Step Change,FY2028,3,13128,8.131532,6.245678,10.377779,21.667313
p99,Step Change,FY2028,4,13128,8.145634,6.494602,10.293787,21.424952
p99,Step Change,FY2028,5,13128,8.464067,7.1942444,11.101458,19.67702
p99,Step Change,FY2028,6,13128,9.875482,9.261517,13.412916,21.704445
p99,Step Change,FY2028,7,13128,8.914089,8.161888,12.8908,25.303482
p99,Step Change,FY2028,8,13128,7.980927,7.9585466,12.340139,22.765446
p99,Step Change,FY2028,9,13128,10.239062,9.324913,14.442238,24.824596
p99,Step Change,FY2028,10,13128,12.253811,10.854685,16.23148,27.34425
p99,Step Change,FY2028,11,13128,12.670201,11.413666,16.72081,27.228361
p99,Step Change,FY2028,12,13128,12.730368,11.580091,17.204412,28.3211
p99,Step Change,FY2028,13,13128,11.913464,10.914353,16.699043,28.632961
p99,Step Change,FY2028,14,13128,11.269152,10.051727,15.79519,27.52316
p99,Step Change,FY2028,15,13128,10.109613,8.80999,14.535978,26.53231
p99,Step Change,FY2028,16,13128,9.104402,7.929308,13.795492,26.512194
p99,Step Change,FY2028,17,13128,9.012654,7.784111,14.491001,28.099964
p99,Step Change,FY2028,18,13128,8.471083,7.18787,14.066566,27.442966
p99,Step Change,FY2028,19,13128,7.5286155,5.645916,11.118729,27.339268
p99,Step Change,FY2028,20,13128,7.124797,5.4693756,9.560276,21.590214
p99,Step Change,FY2028,21,13128,6.675279,5.2039337,8.8449745,19.987576
p99,Step Change,FY2028,22,13128,6.8363767,5.080784,8.515402,20.831024
p99,Step Change,FY2028,23,13128,6.1649327,4.7081375,7.695755,19.348974
p99,Step Change,FY2029,0,13116,11.257822,8.18121,14.596699,33.17651
p99,Step Change,FY2029,1,13128,11.113784,8.668224,14.243918,29.283981
p99,Step Change,FY2029,2,13128,11.133153,9.083609,14.100456,27.864939
p99,Step Change,FY2029,3,13128,12.017615,9.667595,15.292057,29.57811
p99,Step Change,FY2029,4,13128,12.019598,9.880264,14.990559,29.750547
p99,Step Change,FY2029,5,13128,12.69052,10.981628,16.25398,27.385012
p99,Step Change,FY2029,6,13128,14.666556,14.085972,19.336845,31.786827
p99,Step Change,FY2029,7,13128,12.997427,12.246857,18.845459,36.681587
p99,Step Change,FY2029,8,13128,11.586153,11.841055,17.977083,32.14563
p99,Step Change,FY2029,9,13128,15.185822,13.840651,21.147842,35.440098
p99,Step Change,FY2029,10,13128,18.269838,16.501785,23.866907,39.133858
p99,Step Change,FY2029,11,13128,18.871937,17.391455,24.35529,39.121853
p99,Step Change,FY2029,12,13128,18.876232,17.6366,24.825455,41.52501
p99,Step Change,FY2029,13,13128,17.911016,16.742428,24.65166,41.757427
p99,Step Change,FY2029,14,13128,16.796139,15.032688,23.389748,40.24334
p99,Step Change,FY2029,15,13128,15.248238,13.201733,21.321323,38.819523
p99,Step Change,FY2029,16,13128,13.813047,11.977226,20.218414,38.83998
p99,Step Change,FY2029,17,13128,13.493224,12.029392,20.808495,39.744534
p99,Step Change,FY2029,18,13128,12.606707,11.009384,20.476166,37.488808
p99,Step Change,FY2029,19,13128,11.398717,8.833202,16.757053,38.861572
p99,Step Change,FY2029,20,13128,10.824859,8.612568,14.180277,31.688951
p99,Step Change,FY2029,21,13128,10.349872,8.231617,13.275286,29.709414
p99,Step Change,FY2029,22,13128,10.4816,7.8380394,12.8486,30.842632
p99,Step Change,FY2029,23,13128,9.639235,7.3768654,11.699059,29.106318
p99,Step Change,FY2030,0,13116,16.331017,12.090866,22.060802,45.7237
p99,Step Change,FY2030,1,13128,16.351719,12.628777,21.463337,41.119087
p99,Step Change,FY2030,2,13128,15.991058,13.0272045,20.486416,38.73154
p99,Step Change,FY2030,3,13128,17.211456,13.956306,21.554424,40.24405
p99,Step Change,FY2030,4,13128,17.19951,14.379578,20.932924,40.4588
p99,Step Change,FY2030,5,13128,18.317574,15.856087,23.39626,38.675556
p99,Step Change,FY2030,6,13128,20.657116,19.947174,27.15421,44.413437
p99,Step Change,FY2030,7,13128,17.767965,17.321981,26.204552,49.14611
p99,Step Change,FY2030,8,13128,15.974073,16.71396,25.334,44.128822
p99,Step Change,FY2030,9,13128,21.18202,19.534657,29.492,48.453312
p99,Step Change,FY2030,10,13128,26.082005,23.957859,33.716045,54.948486
p99,Step Change,FY2030,11,13128,26.825546,25.307735,34.49057,55.024887
p99,Step Change,FY2030,12,13128,26.571741,25.463951,35.13079,57.531258
p99,Step Change,FY2030,13,13128,25.431604,24.252638,34.9935,56.92885
p99,Step Change,FY2030,14,13128,24.119177,21.994736,33.226704,56.400967
p99,Step Change,FY2030,15,13128,21.866985,18.898903,30.365484,55.970676
p99,Step Change,FY2030,16,13128,19.999771,17.24097,29.092003,53.579628
p99,Step Change,FY2030,17,13128,19.769346,17.57428,30.099924,54.86769
p99,Step Change,FY2030,18,13128,17.6695,15.819527,28.254028,49.960995
p99,Step Change,FY2030,19,13128,16.093058,12.703987,23.97568,51.026073
p99,Step Change,FY2030,20,13128,15.684397,12.476894,20.548656,45.607613
p99,Step Change,FY2030,21,13128,15.322773,12.136101,19.055252,42.823364
p99,Step Change,FY2030,22,13128,15.589322,11.657131,18.80937,45.845016
p99,Step Change,FY2030,23,13128,14.592342,11.092327,17.448313,41.69677
p99.5,Accelerated Transition,FY2026,0,13116,2.8184507,1.957344,3.7792912,10.188087
p99.5,Accelerated Transition,FY2026,1,13128,2.7126396,2.0535545,3.677969,8.716682
p99.5,Accelerated Transition,FY2026,2,13128,2.8820546,2.1381645,3.867979,8.96472
p99.5,Accelerated Transition,FY2026,3,13128,3.2015502,2.2552757,4.121769,9.895319
p99.5,Accelerated Transition,FY2026,4,13128,3.2023716,2.339157,4.1787996,9.802091
p99.5,Accelerated Transition,FY2026,5,13128,3.233588,2.5630417,4.381481,8.940102
p99.5,Accelerated Transition,FY2026,6,13128,3.7946556,3.2275162,5.50085,10.541442
p99.5,Accelerated Transition,FY2026,7,13128,3.496823,2.933237,5.4059505,11.788633
p99.5,Accelerated Transition,FY2026,8,13128,3.1302114,2.9946938,5.3107023,10.740095
p99.5,Accelerated Transition,FY2026,9,13128,4.0376115,3.3982153,5.9768467,11.582809
p99.5,Accelerated Transition,FY2026,10,13128,4.785132,4.0020943,6.7544804,12.564688
p99.5,Accelerated Transition,FY2026,11,13128,4.913539,4.1619887,6.8613353,12.725475
p99.5,Accelerated Transition,FY2026,12,13128,4.8197207,4.0648117,6.9227104,12.634062
p99.5,Accelerated Transition,FY2026,13,13128,4.572834,3.9545898,6.8104696,12.535213
p99.5,Accelerated Transition,FY2026,14,13128,4.404026,3.6703491,6.4993935,12.402079
p99.5,Accelerated Transition,FY2026,15,13128,3.8411896,3.1867218,5.9328194,11.597377
p99.5,Accelerated Transition,FY2026,16,13128,3.5476336,2.8069592,5.5921745,12.620352
p99.5,Accelerated Transition,FY2026,17,13128,3.7116885,2.651371,6.0193634,14.815386
p99.5,Accelerated Transition,FY2026,18,13128,3.7297547,2.3828049,5.9934273,16.884596
p99.5,Accelerated Transition,FY2026,19,13128,2.958976,1.7684708,4.150362,14.134446
p99.5,Accelerated Transition,FY2026,20,13128,2.8508234,1.9018936,3.790247,10.087875
p99.5,Accelerated Transition,FY2026,21,13128,2.6274703,1.8597565,3.5205927,9.15214
p99.5,Accelerated Transition,FY2026,22,13128,2.6428304,1.7936211,3.4154224,9.293017
p99.5,Accelerated Transition,FY2026,23,13128,2.3134458,1.6881027,3.142189,7.896508
p99.5,Accelerated Transition,FY2027,0,13116,6.990805,5.08008,8.622656,22.195457
p99.5,Accelerated Transition,FY2027,1,13128,6.655676,5.265213,8.458511,17.992083
p99.5,Accelerated Transition,FY2027,2,13128,6.8194456,5.3994293,8.654852,18.118061
p99.5,Accelerated Transition,FY2027,3,13128,7.5709715,5.9195137,9.832115,19.696533
p99.5,Accelerated Transition,FY2027,4,13128,7.4555235,6.0550766,9.542908,19.417847
p99.5,Accelerated Transition,FY2027,5,13128,7.7042246,6.6583557,9.981157,17.513836
p99.5,Accelerated Transition,FY2027,6,13128,8.986307,8.427832,12.209219,20.249008
p99.5,Accelerated Transition,FY2027,7,13128,8.284056,7.4900417,11.877869,23.380693
p99.5,Accelerated Transition,FY2027,8,13128,7.3582277,7.4880333,11.49143,20.641842
p99.5,Accelerated Transition,FY2027,9,13128,9.63689,8.63776,13.441837,22.713413
p99.5,Accelerated Transition,FY2027,10,13128,11.368902,9.987159,15.182111,25.152863
p99.5,Accelerated Transition,FY2027,11,13128,11.630669,10.435922,15.431751,24.850634
p99.5,Accelerated Transition,FY2027,12,13128,11.593055,10.511879,15.633738,25.688257
p99.5,Accelerated Transition,FY2027,13,13128,10.944113,10.114687,15.442888,25.8539
p99.5,Accelerated Transition,FY2027,14,13128,10.460564,9.387638,14.601976,25.36761
p99.5,Accelerated Transition,FY2027,15,13128,9.477592,8.330433,13.467692,23.603727
p99.5,Accelerated Transition,FY2027,16,13128,8.499154,7.410881,12.781628,25.272936
p99.5,Accelerated Transition,FY2027,17,13128,8.844188,7.278919,13.609669,29.035145
p99.5,Accelerated Transition,FY2027,18,13128,8.658051,7.033386,13.584099,30.513554
p99.5,Accelerated Transition,FY2027,19,13128,7.331525,5.121269,9.92267,28.025621
p99.5,Accelerated Transition,FY2027,20,13128,7.0528374,5.1358185,8.673592,23.560186
p99.5,Accelerated Transition,FY2027,21,13128,6.45955,4.832554,7.872862,19.685686
p99.5,Accelerated Transition,FY2027,22,13128,6.602819,4.631096,7.9102592,20.967838
p99.5,Accelerated Transition,FY2027,23,13128,5.7048407,4.3010902,6.898144,18.763184
p99.5,Accelerated Transition,FY2028,0,13116,13.09563,9.363384,16.637667,39.008835
p99.5,Accelerated Transition,FY2028,1,13128,12.626537,9.809509,16.242508,32.20391
p99.5,Accelerated Transition,FY2028,2,13128,12.133008,9.982218,15.484829,30.626547
p99.5,Accelerated Transition,FY2028,3,13128,13.665067,11.155991,17.318523,33.031925
p99.5,Accelerated Transition,FY2028,4,13128,13.473836,11.344347,16.886377,33.01594
p99.5,Accelerated Transition,FY2028,5,13128,14.017381,12.2567215,17.79786,29.672344
p99.5,Accelerated Transition,FY2028,6,13128,16.199606,15.595924,21.530626,34.93912
p99.5,Accelerated Transition,FY2028,7,13128,14.585583,13.5421715,20.667587,41.058125
p99.5,Accelerated Transition,FY2028,8,13128,12.85674,13.410246,19.999311,33.695385
p99.5,Accelerated Transition,FY2028,9,13128,17.177206,15.816318,23.628551,39.73019
p99.5,Accelerated Transition,FY2028,10,13128,20.635235,18.797022,26.843676,43.06162
p99.5,Accelerated Transition,FY2028,11,13128,21.246498,19.681976,27.233467,42.632584
p99.5,Accelerated Transition,FY2028,12,13128,21.008802,19.790497,27.368862,44.499535
p99.5,Accelerated Transition,FY2028,13,13128,20.20735,19.103277,27.58545,44.554646
p99.5,Accelerated Transition,FY2028,14,13128,19.04621,17.493662,26.322075,44.005127
p99.5,Accelerated Transition,FY2028,15,13128,17.391352,15.190029,24.453552,42.078243
p99.5,Accelerated Transition,FY2028,16,13128,15.891896,13.692667,22.914877,43.498177
p99.5,Accelerated Transition,FY2028,17,13128,16.319805,14.250263,24.421667,48.596996
p99.5,Accelerated Transition,FY2028,18,13128,15.842243,13.650864,23.949692,48.0112
p99.5,Accelerated Transition,FY2028,19,13128,13.749562,10.004578,18.351559,48.124218
p99.5,Accelerated Transition,FY2028,20,13128,13.078488,9.446213,16.083904,41.84717
p99.5,Accelerated Transition,FY2028,21,13128,12.496443,9.288559,14.714161,37.55231
p99.5,Accelerated Transition,FY2028,22,13128,12.817811,8.9031105,15.083918,41.269314
p99.5,Accelerated Transition,FY2028,23,13128,11.167403,8.25959,13.199406,34.31034
p99.5,Accelerated Transition,FY2029,0,13116,21.527216,15.700403,31.978085,58.847397
p99.5,Accelerated Transition,FY2029,1,13128,21.192251,16.143589,28.481937,52.835407
p99.5,Accelerated Transition,FY2029,2,13128,19.365654,15.807442,25.031248,45.870495
p99.5,Accelerated Transition,FY2029,3,13128,21.29994,17.664589,26.93998,47.415676
p99.5,Accelerated Transition,FY2029,4,13128,21.483484,18.05127,26.293499,47.012333
p99.5,Accelerated Transition,FY2029,5,13128,22.422546,19.735863,28.21649,45.533775
p99.5,Accelerated Transition,FY2029,6,13128,25.486378,24.816229,33.870728,54.16552
p99.5,Accelerated Transition,FY2029,7,13128,21.6105,21.283218,31.852089,58.466393
p99.5,Accelerated Transition,FY2029,8,13128,19.159113,21.068289,30.867355,51.091114
p99.5,Accelerated Transition,FY2029,9,13128,26.193169,24.664583,36.457695,59.73882
p99.5,Accelerated Transition,FY2029,10,13128,32.476944,30.250105,41.896915,67.0436
p99.5,Accelerated Transition,FY2029,11,13128,33.447746,31.760098,43.153206,66.53347
p99.5,Accelerated Transition,FY2029,12,13128,32.99683,32.07692,43.4522,69.56797
p99.5,Accelerated Transition,FY2029,13,13128,31.6835,30.910183,43.52604,68.37929
p99.5,Accelerated Transition,FY2029,14,13128,30.074553,28.24535,41.903168,66.33409
p99.5,Accelerated Transition,FY2029,15,13128,27.597204,24.27792,38.272297,66.87114
p99.5,Accelerated Transition,FY2029,16,13128,25.875093,23.054108,37.059685,67.03418
p99.5,Accelerated Transition,FY2029,17,13128,25.829332,23.579094,39.9763,70.328926
p99.5,Accelerated Transition,FY2029,18,13128,25.214441,22.46637,36.56721,73.08845
p99.5,Accelerated Transition,FY2029,19,13128,22.505009,16.738785,30.578005,70.86723
p99.5,Accelerated Transition,FY2029,20,13128,21.673346,15.501976,26.562447,68.9502
p99.5,Accelerated Transition,FY2029,21,13128,21.035711,15.325829,24.506363,63.76806
p99.5,Accelerated Transition,FY2029,22,13128,21.880806,15.206608,27.113163,67.47331
p99.5,Accelerated Transition,FY2029,23,13128,19.47119,14.012108,23.31963,58.410927
p99.5,Accelerated Transition,FY2030,0,13116,36.347916,28.016197,56.375366,87.96263
p99.5,Accelerated Transition,FY2030,1,13128,34.39488,27.035858,50.555374,78.960556
p99.5,Accelerated Transition,FY2030,2,13128,31.229488,24.504824,41.162,71.70103
p99.5,Accelerated Transition,FY2030,3,13128,33.38113,27.93367,41.215405,68.75884
p99.5,Accelerated Transition,FY2030,4,13128,33.52726,28.759684,41.003796,68.25139
p99.5,Accelerated Transition,FY2030,5,13128,35.274006,31.177483,44.902206,69.17998
p99.5,Accelerated Transition,FY2030,6,13128,38.64271,38.076576,52.779667,83.765076
p99.5,Accelerated Transition,FY2030,7,13128,30.538122,31.037638,47.834908,85.28498
p99.5,Accelerated Transition,FY2030,8,13128,26.543585,30.48344,45.99444,71.58998
p99.5,Accelerated Transition,FY2030,9,13128,37.38829,36.838142,53.026108,87.62216
p99.5,Accelerated Transition,FY2030,10,13128,48.259346,45.784065,63.008736,100.9103
p99.5,Accelerated Transition,FY2030,11,13128,50.75858,49.186855,66.19288,99.95339
p99.5,Accelerated Transition,FY2030,12,13128,49.645172,48.53347,66.66106,102.398766
p99.5,Accelerated Transition,FY2030,13,13128,47.537853,46.820408,66.32539,102.10788
p99.5,Accelerated Transition,FY2030,14,13128,45.983498,43.84001,63.94642,102.07993
p99.5,Accelerated Transition,FY2030,15,13128,41.77342,37.83882,58.32581,96.88873
p99.5,Accelerated Transition,FY2030,16,13128,40.078445,37.774757,59.45861,96.89043
p99.5,Accelerated Transition,FY2030,17,13128,41.195568,39.684914,62.700798,99.682686
p99.5,Accelerated Transition,FY2030,18,13128,39.02115,34.910904,56.444424,101.56235
p99.5,Accelerated Transition,FY2030,19,13128,35.661915,27.675667,48.709034,106.63982
p99.5,Accelerated Transition,FY2030,20,13128,35.127575,25.756441,44.308277,105.35671
p99.5,Accelerated Transition,FY2030,21,13128,34.58942,24.714916,41.0753,106.56778
p99.5,Accelerated Transition,FY2030,22,13128,36.918125,25.862045,49.50643,106.30774
p99.5,Accelerated Transition,FY2030,23,13128,33.398365,23.671526,45.005226,95.80036
p99.5,Slower Growth,FY2026,0,13116,1.0954818,0.6016445,1.6819382,4.6627197
p99.5,Slower Growth,FY2026,1,13128,1.091076,0.6295624,1.6054688,4.4675827
p99.5,Slower Growth,FY2026,2,13128,1.1584047,0.6671257,1.6650467,4.7143183
p99.5,Slower Growth,FY2026,3,13128,1.2913233,0.7162285,1.75733,5.2000384
p99.5,Slower Growth,FY2026,4,13128,1.2785374,0.7473831,1.7408075,5.1002884
p99.5,Slower Growth,FY2026,5,13128,1.3266703,0.81334305,1.9027653,4.704531
p99.5,Slower Growth,FY2026,6,13128,1.5000304,0.9995613,2.346756,5.638064
p99.5,Slower Growth,FY2026,7,13128,1.4358156,0.90216565,2.3430138,6.44673
p99.5,Slower Growth,FY2026,8,13128,1.2570989,0.9424753,2.3856173,6.1043463
p99.5,Slower Growth,FY2026,9,13128,1.6244293,1.0992465,2.5830731,6.40911
p99.5,Slower Growth,FY2026,10,13128,1.9325544,1.3248215,2.92947,6.8307266
p99.5,Slower Growth,FY2026,11,13128,1.9824424,1.3691968,3.0185008,6.872613
p99.5,Slower Growth,FY2026,12,13128,1.9496285,1.271209,2.9835238,6.855618
p99.5,Slower Growth,FY2026,13,13128,1.8599072,1.2300072,2.8960066,6.7506804
p99.5,Slower Growth,FY2026,14,13128,1.7749126,1.1688566,2.8067017,6.752347
p99.5,Slower Growth,FY2026,15,13128,1.5508677,1.0226192,2.5751934,6.3037214
p99.5,Slower Growth,FY2026,16,13128,1.4128724,0.83903885,2.332264,6.7913275
p99.5,Slower Growth,FY2026,17,13128,1.5139998,0.64162064,2.3821335,8.121956
p99.5,Slower Growth,FY2026,18,13128,1.5612046,0.48721313,2.342926,9.071518
p99.5,Slower Growth,FY2026,19,13128,1.1861126,0.37639236,1.6612816,5.9673753
p99.5,Slower Growth,FY2026,20,13128,1.1378607,0.5026703,1.6457787,4.9024496
p99.5,Slower Growth,FY2026,21,13128,1.0122708,0.53883743,1.5661259,4.2155237
p99.5,Slower Growth,FY2026,22,13128,1.0292426,0.55166626,1.5396061,4.251572
p99.5,Slower Growth,FY2026,23,13128,0.9159983,0.49178314,1.4253731,3.9029365
p99.5,Slower Growth,FY2027,0,13116,2.243619,1.5181007,3.1179295,8.535557
p99.5,Slower Growth,FY2027,1,13128,2.1753552,1.5859985,3.0144596,7.4089074
p99.5,Slower Growth,FY2027,2,13128,2.3230748,1.6567764,3.176052,7.809717
p99.5,Slower Growth,FY2027,3,13128,2.5733614,1.759121,3.3375854,8.649476
p99.5,Slower Growth,FY2027,4,13128,2.5682786,1.7947865,3.3518124,8.496449
p99.5,Slower Growth,FY2027,5,13128,2.6007583,1.9853363,3.6132507,7.6514716
p99.5,Slower Growth,FY2027,6,13128,3.0351644,2.4815903,4.4752903,9.117629
p99.5,Slower Growth,FY2027,7,13128,2.8308563,2.3085403,4.411685,9.892638
p99.5,Slower Growth,FY2027,8,13128,2.52364,2.3413672,4.4072375,9.444847
p99.5,Slower Growth,FY2027,9,13128,3.2303824,2.6075478,4.8981533,9.827941
p99.5,Slower Growth,FY2027,10,13128,3.8498483,3.1073723,5.528036,10.743682
p99.5,Slower Growth,FY2027,11,13128,3.9302478,3.269764,5.538995,10.741006
p99.5,Slower Growth,FY2027,12,13128,3.8691866,3.1703558,5.6073456,10.872538
p99.5,Slower Growth,FY2027,13,13128,3.690679,3.0673962,5.5044613,10.72733
p99.5,Slower Growth,FY2027,14,13128,3.5367079,2.9276981,5.259407,10.554946
p99.5,Slower Growth,FY2027,15,13128,3.085425,2.5090103,4.8034744,9.8252535
p99.5,Slower Growth,FY2027,16,13128,2.8221152,2.1507416,4.504469,10.806259
p99.5,Slower Growth,FY2027,17,13128,2.9692934,1.9827805,4.841751,12.571356
p99.5,Slower Growth,FY2027,18,13128,2.9812634,1.7632408,4.784754,14.394636
p99.5,Slower Growth,FY2027,19,13128,2.3589804,1.321003,3.2995052,11.163641
p99.5,Slower Growth,FY2027,20,13128,2.2775338,1.433178,3.101057,8.559846
p99.5,Slower Growth,FY2027,21,13128,2.0914812,1.4427109,2.9237804,7.6558027
p99.5,Slower Growth,FY2027,22,13128,2.098136,1.3893433,2.828868,7.598031
p99.5,Slower Growth,FY2027,23,13128,1.8406248,1.313015,2.5600376,6.7468147
p99.5,Slower Growth,FY2028,0,13116,3.4251165,2.4153366,4.4910736,11.782707
p99.5,Slower Growth,FY2028,1,13128,3.279136,2.5112839,4.34136,10.080066
p99.5,Slower Growth,FY2028,2,13128,3.4589458,2.6145248,4.5288067,10.254979
p99.5,Slower Growth,FY2028,3,13128,3.8680944,2.804884,4.95895,11.288614
p99.5,Slower Growth,FY2028,4,13128,3.8228042,2.8401947,5.033308,11.12256
p99.5,Slower Growth,FY2028,5,13128,3.886022,3.165802,5.1658897,10.217999
p99.5,Slower Growth,FY2028,6,13128,4.538243,3.9095478,6.494527,11.957429
p99.5,Slower Growth,FY2028,7,13128,4.173239,3.5685387,6.3854904,13.305008
p99.5,Slower Growth,FY2028,8,13128,3.739251,3.637062,6.2341757,12.150726
p99.5,Slower Growth,FY2028,9,13128,4.857563,4.146842,7.0750904,13.412978
p99.5,Slower Growth,FY2028,10,13128,5.7218666,4.870081,7.920472,14.474725
p99.5,Slower Growth,FY2028,11,13128,5.8621845,4.998132,8.067572,14.501262
p99.5,Slower Growth,FY2028,12,13128,5.789394,4.9509583,8.094987,14.919021
p99.5,Slower Growth,FY2028,13,13128,5.451592,4.8145294,8.02473,14.600854
p99.5,Slower Growth,FY2028,14,13128,5.3094,4.5142746,7.669776,14.588389
p99.5,Slower Growth,FY2028,15,13128,4.646811,3.9113789,7.078953,13.272099
p99.5,Slower Growth,FY2028,16,13128,4.2585163,3.4913769,6.679592,14.526278
p99.5,Slower Growth,FY2028,17,13128,4.405206,3.3467255,7.173765,16.90832
p99.5,Slower Growth,FY2028,18,13128,4.407397,3.0772324,7.1019707,18.847082
p99.5,Slower Growth,FY2028,19,13128,3.5884423,2.2671814,4.9243317,16.698822
p99.5,Slower Growth,FY2028,20,13128,3.4916356,2.3651848,4.516632,12.031377
p99.5,Slower Growth,FY2028,21,13128,3.1392887,2.2936058,4.112808,10.583748
p99.5,Slower Growth,FY2028,22,13128,3.2042155,2.2193909,4.016529,10.91449
p99.5,Slower Growth,FY2028,23,13128,2.7773952,2.0855446,3.667345,9.092903
p99.5,Slower Growth,FY2029,0,13116,4.9042206,3.5111313,6.2189865,15.91173
p99.5,Slower Growth,FY2029,1,13128,4.6737137,3.6419067,6.007824,13.266714
p99.5,Slower Growth,FY2029,2,13128,4.8967223,3.8237915,6.340166,13.400911
p99.5,Slower Growth,FY2029,3,13128,5.454195,4.0795975,7.0879736,15.354986
p99.5,Slower Growth,FY2029,4,13128,5.3301835,4.137081,6.9925556,14.64476
p99.5,Slower Growth,FY2029,5,13128,5.480797,4.6087112,7.185522,13.444274
p99.5,Slower Growth,FY2029,6,13128,6.4196796,5.814583,8.914595,15.5568285
p99.5,Slower Growth,FY2029,7,13128,5.8931756,5.2015095,8.845795,17.757553
p99.5,Slower Growth,FY2029,8,13128,5.275743,5.283203,8.512244,15.786157
p99.5,Slower Growth,FY2029,9,13128,6.8528647,6.077447,9.706512,17.295664
p99.5,Slower Growth,FY2029,10,13128,8.091445,7.02936,10.9064865,18.920385
p99.5,Slower Growth,FY2029,11,13128,8.279649,7.306264,11.11274,18.784454
p99.5,Slower Growth,FY2029,12,13128,8.207823,7.2625484,11.222006,19.362831
p99.5,Slower Growth,FY2029,13,13128,7.819785,7.082611,11.069328,19.107761
p99.5,Slower Growth,FY2029,14,13128,7.458022,6.6105957,10.498131,19.0235
p99.5,Slower Growth,FY2029,15,13128,6.607731,5.781311,9.685255,17.451225
p99.5,Slower Growth,FY2029,16,13128,6.0347996,5.072891,9.237951,19.097298
p99.5,Slower Growth,FY2029,17,13128,6.225596,4.9553185,9.857704,22.06067
p99.5,Slower Growth,FY2029,18,13128,6.2399826,4.7709007,9.896759,24.389435
p99.5,Slower Growth,FY2029,19,13128,5.086482,3.460331,7.031742,21.42274
p99.5,Slower Growth,FY2029,20,13128,4.927966,3.5368042,6.2458897,16.154072
p99.5,Slower Growth,FY2029,21,13128,4.502243,3.3547325,5.702648,14.475288
p99.5,Slower Growth,FY2029,22,13128,4.6117754,3.2175713,5.6046963,15.211267
p99.5,Slower Growth,FY2029,23,13128,3.9777322,3.0225487,4.9497623,12.552939
p99.5,Slower Growth,FY2030,0,13116,6.680703,4.839409,8.285278,21.239395
p99.5,Slower Growth,FY2030,1,13128,6.37069,5.0421944,8.083065,17.1605
p99.5,Slower Growth,FY2030,2,13128,6.5521226,5.150345,8.340912,17.402805
p99.5,Slower Growth,FY2030,3,13128,7.270693,5.645397,9.4658985,19.074707
p99.5,Slower Growth,FY2030,4,13128,7.141018,5.7882996,9.135645,18.790619
p99.5,Slower Growth,FY2030,5,13128,7.384778,6.390129,9.548883,17.052433
p99.5,Slower Growth,FY2030,6,13128,8.613878,8.046516,11.7413845,19.729204
p99.5,Slower Growth,FY2030,7,13128,7.9419966,7.1820927,11.431934,22.62391
p99.5,Slower Growth,FY2030,8,13128,7.0746765,7.2200794,11.099121,19.95333
p99.5,Slower Growth,FY2030,9,13128,9.237431,8.253094,12.962435,21.845072
p99.5,Slower Growth,FY2030,10,13128,10.913932,9.6072445,14.609276,24.213285
p99.5,Slower Growth,FY2030,11,13128,11.151262,9.988909,14.914797,24.148827
p99.5,Slower Growth,FY2030,12,13128,11.122768,10.013866,15.030516,24.83452
p99.5,Slower Growth,FY2030,13,13128,10.485162,9.682116,14.821275,24.989746
p99.5,Slower Growth,FY2030,14,13128,10.023115,8.991131,14.0409775,24.452461
p99.5,Slower Growth,FY2030,15,13128,9.06094,7.973255,12.897118,22.661802
p99.5,Slower Growth,FY2030,16,13128,8.159544,7.065872,12.370707,24.28702
p99.5,Slower Growth,FY2030,17,13128,8.443782,6.9911613,13.065128,27.913906
p99.5,Slower Growth,FY2030,18,13128,8.319472,6.6853447,13.055428,29.64397
p99.5,Slower Growth,FY2030,19,13128,7.009037,4.896591,9.482349,27.364426
p99.5,Slower Growth,FY2030,20,13128,6.739472,4.904484,8.3093605,22.453678
p99.5,Slower Growth,FY2030,21,13128,6.1701355,4.59494,7.582202,18.86158
p99.5,Slower Growth,FY2030,22,13128,6.3279333,4.4310265,7.585762,20.215652
p99.5,Slower Growth,FY2030,23,13128,5.465402,4.110195,6.640663,17.890097
p99.5,Step Change,FY2026,0,13116,1.9526366,1.2660198,2.7731228,7.6044235
p99.5,Step Change,FY2026,1,13128,1.8896106,1.335432,2.6607084,6.5398927
p99.5,Step Change,FY2026,2,13128,2.044401,1.4301949,2.797552,7.0309286
p99.5,Step Change,FY2026,3,13128,2.2420967,1.5168419,2.9203606,7.8618565
p99.5,Step Change,FY2026,4,13128,2.2501402,1.5294304,2.961666,7.6732454
p99.5,Step Change,FY2026,5,13128,2.280202,1.6840477,3.188919,6.9580026
p99.5,Step Change,FY2026,6,13128,2.6437962,2.1230621,3.947256,8.298014
p99.5,Step Change,FY2026,7,13128,2.4959922,1.9334116,3.9214401,9.14579
p99.5,Step Change,FY2026,8,13128,2.2042289,1.9959698,3.9647589,8.545675
p99.5,Step Change,FY2026,9,13128,2.8224328,2.261217,4.3232255,9.06599
p99.5,Step Change,FY2026,10,13128,3.362109,2.6633759,4.8615055,9.700154
p99.5,Step Change,FY2026,11,13128,3.44778,2.8159046,4.929138,9.672806
p99.5,Step Change,FY2026,12,13128,3.3902164,2.7039661,4.9495935,9.88688
p99.5,Step Change,FY2026,13,13128,3.2350564,2.6151257,4.8849707,9.754483
p99.5,Step Change,FY2026,14,13128,3.0896559,2.4820786,4.643456,9.548427
p99.5,Step Change,FY2026,15,13128,2.7005634,2.1409264,4.273663,8.903698
p99.5,Step Change,FY2026,16,13128,2.481173,1.8048477,3.9243984,9.673773
p99.5,Step Change,FY2026,17,13128,2.601392,1.6696262,4.1616287,11.479714
p99.5,Step Change,FY2026,18,13128,2.6042895,1.4468155,4.2333374,13.063494
p99.5,Step Change,FY2026,19,13128,2.0957363,1.0883179,2.8953495,9.965628
p99.5,Step Change,FY2026,20,13128,1.9874134,1.2186661,2.746647,7.5703254
p99.5,Step Change,FY2026,21,13128,1.8297747,1.2281952,2.5878963,6.7832084
p99.5,Step Change,FY2026,22,13128,1.8295945,1.1825294,2.5227928,6.749515
p99.5,Step Change,FY2026,23,13128,1.6084434,1.0976753,2.2963772,5.947432
p99.5,Step Change,FY2027,0,13116,4.613234,3.2998543,5.8799133,15.135376
p99.5,Step Change,FY2027,1,13128,4.399621,3.4198189,5.701887,12.796994
p99.5,Step Change,FY2027,2,13128,4.612615,3.5809746,5.958043,12.81241
p99.5,Step Change,FY2027,3,13128,5.134992,3.8258972,6.731394,14.436336
p99.5,Step Change,FY2027,4,13128,5.029196,3.87854,6.602413,13.94651
p99.5,Step Change,FY2027,5,13128,5.177428,4.314457,6.8514156,12.869266
p99.5,Step Change,FY2027,6,13128,6.0432224,5.427681,8.466101,14.904185
p99.5,Step Change,FY2027,7,13128,5.560563,4.903694,8.414147,16.956167
p99.5,Step Change,FY2027,8,13128,4.958854,4.9241953,8.11993,14.920029
p99.5,Step Change,FY2027,9,13128,6.419123,5.6630554,9.180854,16.379229
p99.5,Step Change,FY2027,10,13128,7.6143966,6.5888205,10.2917,17.99134
p99.5,Step Change,FY2027,11,13128,7.79515,6.8648014,10.551733,17.903162
p99.5,Step Change,FY2027,12,13128,7.712705,6.830244,10.575191,18.605986
p99.5,Step Change,FY2027,13,13128,7.3550677,6.6720114,10.476793,18.22327
p99.5,Step Change,FY2027,14,13128,7.0184107,6.145095,9.985851,18.163385
p99.5,Step Change,FY2027,15,13128,6.2224426,5.416214,9.243256,16.678127
p99.5,Step Change,FY2027,16,13128,5.6764345,4.7669296,8.7488785,18.211147
p99.5,Step Change,FY2027,17,13128,5.849534,4.6587753,9.329838,20.878658
p99.5,Step Change,FY2027,18,13128,5.8980155,4.480034,9.403141,22.926563
p99.5,Step Change,FY2027,19,13128,4.7685304,3.2078896,6.587015,20.681995
p99.5,Step Change,FY2027,20,13128,4.6124086,3.292572,5.870224,15.234665
p99.5,Step Change,FY2027,21,13128,4.2243075,3.122261,5.3733044,13.851677
p99.5,Step Change,FY2027,22,13128,4.3336043,3.01865,5.3149643,14.468878
p99.5,Step Change,FY2027,23,13128,3.727299,2.8151855,4.6856174,11.9493065
p99.5,Step Change,FY2028,0,13116,7.591668,5.515606,9.307434,23.901896
p99.5,Step Change,FY2028,1,13128,7.235364,5.723301,9.18402,19.43167
p99.5,Step Change,FY2028,2,13128,7.3573203,5.857895,9.334534,19.461973
p99.5,Step Change,FY2028,3,13128,8.173069,6.4733086,10.52739,21.16138
p99.5,Step Change,FY2028,4,13128,8.073566,6.604725,10.269684,20.9615
p99.5,Step Change,FY2028,5,13128,8.340261,7.238247,10.792025,18.92949
p99.5,Step Change,FY2028,6,13128,9.731466,9.163462,13.150181,21.895815
p99.5,Step Change,FY2028,7,13128,8.926233,8.163994,12.773638,25.133968
p99.5,Step Change,FY2028,8,13128,7.950695,8.127632,12.331973,21.924622
p99.5,Step Change,FY2028,9,13128,10.401263,9.385167,14.443069,24.591757
p99.5,Step Change,FY2028,10,13128,12.274836,10.841484,16.339973,26.91458
p99.5,Step Change,FY2028,11,13128,12.597052,11.369768,16.661621,26.601778
p99.5,Step Change,FY2028,12,13128,12.578744,11.455823,16.824425,27.564226
p99.5,Step Change,FY2028,13,13128,11.856987,11.076688,16.520039,27.812592
p99.5,Step Change,FY2028,14,13128,11.314975,10.221825,15.728509,27.30812
p99.5,Step Change,FY2028,15,13128,10.262041,9.02533,14.537172,25.56941
p99.5,Step Change,FY2028,16,13128,9.2699995,8.054596,13.852922,26.933218
p99.5,Step Change,FY2028,17,13128,9.5563135,7.95953,14.710436,31.063284
p99.5,Step Change,FY2028,18,13128,9.332439,7.7013245,14.538315,32.060543
p99.5,Step Change,FY2028,19,13128,8.008312,5.6891174,10.666565,29.908268
p99.5,Step Change,FY2028,20,13128,7.656091,5.558731,9.325489,25.1743
p99.5,Step Change,FY2028,21,13128,7.0379615,5.268963,8.469391,21.675495
p99.5,Step Change,FY2028,22,13128,7.189472,5.0708656,8.5030155,23.39497
p99.5,Step Change,FY2028,23,13128,6.217168,4.700617,7.482546,20.336214
p99.5,Step Change,FY2029,0,13116,11.535238,8.331078,14.425501,34.59668
p99.5,Step Change,FY2029,1,13128,11.1197605,8.651218,14.2908745,28.582676
p99.5,Step Change,FY2029,2,13128,10.803107,8.766644,13.754765,27.801477
p99.5,Step Change,FY2029,3,13128,12.114667,9.8686905,15.476664,29.87866
p99.5,Step Change,FY2029,4,13128,11.974071,10.030563,15.120047,29.69943
p99.5,Step Change,FY2029,5,13128,12.422552,10.842445,15.829708,26.199972
p99.5,Step Change,FY2029,6,13128,14.479933,13.798386,19.309898,31.200611
p99.5,Step Change,FY2029,7,13128,13.106046,12.049221,18.550446,36.643707
p99.5,Step Change,FY2029,8,13128,11.546207,11.872075,18.035496,30.718603
p99.5,Step Change,FY2029,9,13128,15.371891,14.142174,21.043365,35.229572
p99.5,Step Change,FY2029,10,13128,18.308973,16.597004,23.93294,38.563812
p99.5,Step Change,FY2029,11,13128,18.85884,17.43402,24.29282,38.193325
p99.5,Step Change,FY2029,12,13128,18.720081,17.593157,24.482048,40.204964
p99.5,Step Change,FY2029,13,13128,17.883018,16.889797,24.419754,39.700623
p99.5,Step Change,FY2029,14,13128,16.904627,15.430614,23.396786,39.77099
p99.5,Step Change,FY2029,15,13128,15.43952,13.451603,21.722586,37.36164
p99.5,Step Change,FY2029,16,13128,14.081704,12.083698,20.415852,39.023174
p99.5,Step Change,FY2029,17,13128,14.298455,12.475449,21.534883,43.44161
p99.5,Step Change,FY2029,18,13128,14.071389,11.940079,21.506672,43.40091
p99.5,Step Change,FY2029,19,13128,12.1595,8.8433,16.258656,43.24994
p99.5,Step Change,FY2029,20,13128,11.6071,8.282463,14.28124,38.078384
p99.5,Step Change,FY2029,21,13128,10.985487,8.116859,12.950953,32.141922
p99.5,Step Change,FY2029,22,13128,11.198721,7.764141,13.134357,36.124092
p99.5,Step Change,FY2029,23,13128,9.7222595,7.2491264,11.479141,30.346775
p99.5,Step Change,FY2030,0,13116,16.815487,12.115753,22.833353,49.017372
p99.5,Step Change,FY2030,1,13128,16.512327,12.529188,21.72255,41.775047
p99.5,Step Change,FY2030,2,13128,15.386602,12.588425,19.528557,37.347363
p99.5,Step Change,FY2030,3,13128,17.24121,14.319574,21.809452,39.83133
p99.5,Step Change,FY2030,4,13128,17.098085,14.303084,21.063469,40.147625
p99.5,Step Change,FY2030,5,13128,17.916107,15.587994,22.650543,37.058838
p99.5,Step Change,FY2030,6,13128,20.455753,19.967484,27.043104,43.66393
p99.5,Step Change,FY2030,7,13128,17.928211,17.18401,25.816542,49.309673
p99.5,Step Change,FY2030,8,13128,15.914174,16.85395,25.242096,41.850014
p99.5,Step Change,FY2030,9,13128,21.429506,19.885822,29.450912,48.701736
p99.5,Step Change,FY2030,10,13128,26.233217,24.237873,33.871704,54.210846
p99.5,Step Change,FY2030,11,13128,26.928484,25.345459,34.47289,53.788586
p99.5,Step Change,FY2030,12,13128,26.497688,25.377136,34.828983,55.319405
p99.5,Step Change,FY2030,13,13128,25.558144,24.62437,34.903694,54.719402
p99.5,Step Change,FY2030,14,13128,24.193132,22.541584,33.475525,54.971508
p99.5,Step Change,FY2030,15,13128,22.17516,19.419937,30.738617,53.513397
p99.5,Step Change,FY2030,16,13128,20.484734,17.665937,29.184498,54.72746
p99.5,Step Change,FY2030,17,13128,21.02311,18.601585,31.418213,60.102577
p99.5,Step Change,FY2030,18,13128,20.141706,17.558533,30.029922,58.03727
p99.5,Step Change,FY2030,19,13128,17.568913,13.0870285,23.463516,58.388718
p99.5,Step Change,FY2030,20,13128,16.973534,12.127129,20.764553,55.55247
p99.5,Step Change,FY2030,21,13128,16.310038,11.946058,19.076668,49.374516
p99.5,Step Change,FY2030,22,13128,16.874535,11.604713,20.100124,53.913128
p99.5,Step Change,FY2030,23,13128,14.834621,10.886929,17.477736,44.59419
p99.9,Accelerated Transition,FY2026,0,13116,2.7194693,1.902565,3.6216774,9.022581
p99.9,Accelerated Transition,FY2026,1,13128,2.6126966,1.9291573,3.5653896,8.2610855
p99.9,Accelerated Transition,FY2026,2,13128,2.870088,2.1590424,3.9138985,8.7365265
p99.9,Accelerated Transition,FY2026,3,13128,3.123786,2.252205,4.189438,9.460208
p99.9,Accelerated Transition,FY2026,4,13128,3.0868359,2.2963905,4.127159,9.166685
p99.9,Accelerated Transition,FY2026,5,13128,3.185093,2.5537949,4.364254,8.588508
p99.9,Accelerated Transition,FY2026,6,13128,3.876537,3.2756424,5.4890013,10.24845
p99.9,Accelerated Transition,FY2026,7,13128,3.8651457,3.033989,5.5787067,12.933861
p99.9,Accelerated Transition,FY2026,8,13128,3.0734954,2.9594407,5.3133593,10.7769575
p99.9,Accelerated Transition,FY2026,9,13128,4.0671616,3.4403667,5.9606495,11.3391695
p99.9,Accelerated Transition,FY2026,10,13128,4.8083434,4.005933,6.7099967,12.434021
p99.9,Accelerated Transition,FY2026,11,13128,4.9340205,4.129942,6.804631,12.63685
p99.9,Accelerated Transition,FY2026,12,13128,4.8258743,4.0080204,6.8406315,12.504399
p99.9,Accelerated Transition,FY2026,13,13128,4.6819806,3.96914,6.868732,12.789108
p99.9,Accelerated Transition,FY2026,14,13128,4.4872704,3.7116594,6.5067368,12.528448
p99.9,Accelerated Transition,FY2026,15,13128,3.8401153,3.2234688,5.8015003,11.557594
p99.9,Accelerated Transition,FY2026,16,13128,3.7093604,2.9479065,5.7362976,13.11395
p99.9,Accelerated Transition,FY2026,17,13128,4.1437254,2.7865753,6.2913055,18.070593
p99.9,Accelerated Transition,FY2026,18,13128,4.0531287,2.375534,6.236553,20.521542
p99.9,Accelerated Transition,FY2026,19,13128,3.1044984,1.7272263,4.1499176,15.092735
p99.9,Accelerated Transition,FY2026,20,13128,2.9094348,1.830719,3.8331985,10.356409
p99.9,Accelerated Transition,FY2026,21,13128,2.6568463,1.7414513,3.4501228,9.517894
p99.9,Accelerated Transition,FY2026,22,13128,2.708962,1.7148476,3.4216595,9.373273
p99.9,Accelerated Transition,FY2026,23,13128,2.3238714,1.6728554,3.1877937,7.6301055
p99.9,Accelerated Transition,FY2027,0,13116,6.787887,5.0370636,8.784147,19.88578
p99.9,Accelerated Transition,FY2027,1,13128,6.395463,5.040596,8.257511,17.228333
p99.9,Accelerated Transition,FY2027,2,13128,6.7366347,5.443157,8.867865,17.618462
p99.9,Accelerated Transition,FY2027,3,13128,7.352455,5.740967,9.462671,19.364864
p99.9,Accelerated Transition,FY2027,4,13128,7.192704,5.6961823,9.113255,19.02485
p99.9,Accelerated Transition,FY2027,5,13128,7.5796685,6.441704,9.828587,17.75237
p99.9,Accelerated Transition,FY2027,6,13128,9.081986,8.381527,12.104912,20.42978
p99.9,Accelerated Transition,FY2027,7,13128,9.132282,7.769952,12.218121,25.835365
p99.9,Accelerated Transition,FY2027,8,13128,7.237263,7.508547,11.586266,21.173758
p99.9,Accelerated Transition,FY2027,9,13128,9.7354355,8.6718855,13.429449,23.080637
p99.9,Accelerated Transition,FY2027,10,13128,11.447113,10.059151,15.156076,25.601097
p99.9,Accelerated Transition,FY2027,11,13128,11.707352,10.3389225,15.385998,24.827156
p99.9,Accelerated Transition,FY2027,12,13128,11.706124,10.652273,15.815785,25.21908
p99.9,Accelerated Transition,FY2027,13,13128,11.231416,10.315126,15.49049,26.23077
p99.9,Accelerated Transition,FY2027,14,13128,10.682857,9.520517,14.72315,25.589067
p99.9,Accelerated Transition,FY2027,15,13128,9.40313,8.209923,13.151234,23.911999
p99.9,Accelerated Transition,FY2027,16,13128,8.817587,7.609211,12.909782,25.613642
p99.9,Accelerated Transition,FY2027,17,13128,9.925953,7.698021,14.170074,35.682278
p99.9,Accelerated Transition,FY2027,18,13128,9.6295595,6.790039,13.853157,42.3159
p99.9,Accelerated Transition,FY2027,19,13128,7.4344263,4.875622,9.622162,30.00512
p99.9,Accelerated Transition,FY2027,20,13128,7.1666827,5.0656967,8.631977,23.442118
p99.9,Accelerated Transition,FY2027,21,13128,6.6317744,4.8004456,7.844616,21.7143
p99.9,Accelerated Transition,FY2027,22,13128,6.8956943,4.6884575,8.000902,23.095816
p99.9,Accelerated Transition,FY2027,23,13128,5.7299633,4.38546,7.209689,17.72205
p99.9,Accelerated Transition,FY2028,0,13116,12.838442,9.42247,16.74105,36.169178
p99.9,Accelerated Transition,FY2028,1,13128,12.158711,9.403038,15.74659,30.83755
p99.9,Accelerated Transition,FY2028,2,13128,11.990023,9.691883,15.7691345,29.619099
p99.9,Accelerated Transition,FY2028,3,13128,13.140055,10.461212,16.693985,32.679745
p99.9,Accelerated Transition,FY2028,4,13128,12.872496,10.409115,15.810495,32.387184
p99.9,Accelerated Transition,FY2028,5,13128,13.957613,12.140518,17.763817,29.361721
p99.9,Accelerated Transition,FY2028,6,13128,16.440775,15.577192,21.621284,36.04592
p99.9,Accelerated Transition,FY2028,7,13128,15.69561,14.128039,20.952984,43.49619
p99.9,Accelerated Transition,FY2028,8,13128,12.496733,13.445385,20.017925,34.533833
p99.9,Accelerated Transition,FY2028,9,13128,17.234526,15.927659,23.442804,39.846813
p99.9,Accelerated Transition,FY2028,10,13128,20.733997,18.86673,26.764595,43.40286
p99.9,Accelerated Transition,FY2028,11,13128,21.398935,19.670769,27.202438,43.427788
p99.9,Accelerated Transition,FY2028,12,13128,21.21428,19.921227,27.655918,45.212097
p99.9,Accelerated Transition,FY2028,13,13128,20.575958,19.366314,27.710869,44.987457
p99.9,Accelerated Transition,FY2028,14,13128,19.410215,17.65635,26.389877,43.89017
p99.9,Accelerated Transition,FY2028,15,13128,17.31879,15.157778,23.685368,41.635117
p99.9,Accelerated Transition,FY2028,16,13128,16.56785,14.205154,23.469759,45.51999
p99.9,Accelerated Transition,FY2028,17,13128,18.254343,14.880962,25.101868,59.260372
p99.9,Accelerated Transition,FY2028,18,13128,17.29876,13.0482025,23.648201,64.816765
p99.9,Accelerated Transition,FY2028,19,13128,14.048063,9.419674,17.54299,54.9919
p99.9,Accelerated Transition,FY2028,20,13128,13.374205,9.334198,16.055021,43.504097
p99.9,Accelerated Transition,FY2028,21,13128,12.910381,9.325981,14.955565,40.112072
p99.9,Accelerated Transition,FY2028,22,13128,13.589626,8.957443,15.187199,46.8082
p99.9,Accelerated Transition,FY2028,23,13128,11.466879,8.362041,13.86681,34.35953
p99.9,Accelerated Transition,FY2029,0,13116,21.562565,16.035294,30.232252,56.802284
p99.9,Accelerated Transition,FY2029,1,13128,20.493515,15.593487,26.598806,50.092968
p99.9,Accelerated Transition,FY2029,2,13128,19.05807,15.16674,24.825092,45.934704
p99.9,Accelerated Transition,FY2029,3,13128,20.516344,16.719948,25.841309,47.65847
p99.9,Accelerated Transition,FY2029,4,13128,20.439436,16.80967,24.609825,47.544174
p99.9,Accelerated Transition,FY2029,5,13128,22.593588,19.770992,28.179325,45.503773
p99.9,Accelerated Transition,FY2029,6,13128,25.81606,24.704548,34.078125,56.158485
p99.9,Accelerated Transition,FY2029,7,13128,23.049946,22.001026,32.245712,61.31584
p99.9,Accelerated Transition,FY2029,8,13128,18.325699,20.907518,30.323086,51.73971
p99.9,Accelerated Transition,FY2029,9,13128,26.237137,24.592949,36.17078,60.78633
p99.9,Accelerated Transition,FY2029,10,13128,32.650124,30.133808,41.594734,67.12704
p99.9,Accelerated Transition,FY2029,11,13128,33.628567,31.631866,42.99736,66.58577
p99.9,Accelerated Transition,FY2029,12,13128,33.27227,31.960213,43.25992,69.41771
p99.9,Accelerated Transition,FY2029,13,13128,32.17215,30.957504,43.44332,69.119194
p99.9,Accelerated Transition,FY2029,14,13128,30.634598,28.395262,41.549377,67.765
p99.9,Accelerated Transition,FY2029,15,13128,27.520538,24.007473,37.298386,67.35366
p99.9,Accelerated Transition,FY2029,16,13128,26.801167,23.436111,38.22602,68.55527
p99.9,Accelerated Transition,FY2029,17,13128,28.792892,25.112164,41.43003,82.82498
p99.9,Accelerated Transition,FY2029,18,13128,27.455479,21.42408,36.40245,95.83511
p99.9,Accelerated Transition,FY2029,19,13128,22.997004,16.00885,29.10257,79.26778
p99.9,Accelerated Transition,FY2029,20,13128,22.244062,15.43232,26.414192,75.41879
p99.9,Accelerated Transition,FY2029,21,13128,21.857906,15.062725,25.477865,70.066574
p99.9,Accelerated Transition,FY2029,22,13128,23.460495,15.440926,27.546282,75.1069
p99.9,Accelerated Transition,FY2029,23,13128,20.53309,14.417408,23.873043,64.28237
p99.9,Accelerated Transition,FY2030,0,13116,36.852604,28.41803,52.646027,89.9683
p99.9,Accelerated Transition,FY2030,1,13128,33.83739,26.763277,47.14385,78.84615
p99.9,Accelerated Transition,FY2030,2,13128,30.711178,23.945526,39.788475,70.209564
p99.9,Accelerated Transition,FY2030,3,13128,31.806398,26.152245,38.377777,68.80411
p99.9,Accelerated Transition,FY2030,4,13128,32.036915,27.118927,38.086876,68.103615
p99.9,Accelerated Transition,FY2030,5,13128,35.62417,31.171661,45.055836,70.740105
p99.9,Accelerated Transition,FY2030,6,13128,38.229362,37.357906,52.85219,84.185715
p99.9,Accelerated Transition,FY2030,7,13128,32.0643,32.072266,48.86314,88.18347
p99.9,Accelerated Transition,FY2030,8,13128,24.909666,30.281807,45.485233,73.681984
p99.9,Accelerated Transition,FY2030,9,13128,37.566856,36.817574,53.345383,88.41888
p99.9,Accelerated Transition,FY2030,10,13128,48.55975,45.40246,62.695004,102.030426
p99.9,Accelerated Transition,FY2030,11,13128,51.142006,48.584595,65.95682,100.67095
p99.9,Accelerated Transition,FY2030,12,13128,50.081352,48.088856,66.88134,104.24776
p99.9,Accelerated Transition,FY2030,13,13128,48.51134,46.85475,66.55163,104.89026
p99.9,Accelerated Transition,FY2030,14,13128,47.165844,43.537792,64.06435,104.06091
p99.9,Accelerated Transition,FY2030,15,13128,41.961327,37.61393,58.041122,97.69899
p99.9,Accelerated Transition,FY2030,16,13128,41.55139,38.80362,60.79443,99.305695
p99.9,Accelerated Transition,FY2030,17,13128,46.26537,42.690544,66.621315,116.063545
p99.9,Accelerated Transition,FY2030,18,13128,42.121147,33.982533,55.73291,128.98553
p99.9,Accelerated Transition,FY2030,19,13128,36.006462,27.448349,46.285618,119.19098
p99.9,Accelerated Transition,FY2030,20,13128,36.4007,25.65969,44.57264,115.31172
p99.9,Accelerated Transition,FY2030,21,13128,36.13809,24.846302,43.802494,114.3587
p99.9,Accelerated Transition,FY2030,22,13128,39.50039,26.634697,51.40953,114.35802
p99.9,Accelerated Transition,FY2030,23,13128,35.892685,24.119267,46.06945,105.17618
p99.9,Slower Growth,FY2026,0,13116,1.0358555,0.5935364,1.5442505,4.279928
p99.9,Slower Growth,FY2026,1,13128,1.0404733,0.6389618,1.54953,4.0372763
p99.9,Slower Growth,FY2026,2,13128,1.1612254,0.7169037,1.7384624,4.387121
p99.9,Slower Growth,FY2026,3,13128,1.2558397,0.7350464,1.802414,4.741521
p99.9,Slower Growth,FY2026,4,13128,1.2612195,0.76031494,1.8024559,4.6308637
p99.9,Slower Growth,FY2026,5,13128,1.2823123,0.8462715,1.8930588,4.5166535
p99.9,Slower Growth,FY2026,6,13128,1.536717,1.1064148,2.3239727,5.34641
p99.9,Slower Growth,FY2026,7,13128,1.5558627,0.97299385,2.4572296,6.429965
p99.9,Slower Growth,FY2026,8,13128,1.2366291,0.94556427,2.363626,5.9292946
p99.9,Slower Growth,FY2026,9,13128,1.6345129,1.1129532,2.6179209,6.033452
p99.9,Slower Growth,FY2026,10,13128,1.9185711,1.2857704,2.9558513,6.564231
p99.9,Slower Growth,FY2026,11,13128,1.9764701,1.3519617,3.0409584,6.6731176
p99.9,Slower Growth,FY2026,12,13128,1.932707,1.248476,2.9545228,6.7377143
p99.9,Slower Growth,FY2026,13,13128,1.8697224,1.2158732,2.9130406,6.7949495
p99.9,Slower Growth,FY2026,14,13128,1.7979403,1.1984575,2.820678,6.6819043
p99.9,Slower Growth,FY2026,15,13128,1.5542773,1.0579033,2.597643,5.864998
p99.9,Slower Growth,FY2026,16,13128,1.4900844,0.92239,2.528017,6.586321
p99.9,Slower Growth,FY2026,17,13128,1.6606495,0.62809753,2.5118217,8.867808
p99.9,Slower Growth,FY2026,18,13128,1.7779363,0.42937088,2.4795265,9.9854145
p99.9,Slower Growth,FY2026,19,13128,1.252968,0.3549652,1.6292648,6.4914107
p99.9,Slower Growth,FY2026,20,13128,1.1597276,0.47779846,1.5806675,5.167536
p99.9,Slower Growth,FY2026,21,13128,0.99475783,0.49254036,1.4927826,4.4458175
p99.9,Slower Growth,FY2026,22,13128,1.0589889,0.48918533,1.4423618,4.476317
p99.9,Slower Growth,FY2026,23,13128,0.9145237,0.51272774,1.3532715,3.7943275
p99.9,Slower Growth,FY2027,0,13116,2.150554,1.4414406,2.9340706,7.552168
p99.9,Slower Growth,FY2027,1,13128,2.085111,1.480793,2.8896751,6.878132
p99.9,Slower Growth,FY2027,2,13128,2.3142352,1.6570892,3.2236958,7.347268
p99.9,Slower Growth,FY2027,3,13128,2.5046217,1.7481422,3.397335,7.878848
p99.9,Slower Growth,FY2027,4,13128,2.4850166,1.7653828,3.3846226,7.6936293
p99.9,Slower Growth,FY2027,5,13128,2.5645883,1.9813461,3.5915403,7.2851405
p99.9,Slower Growth,FY2027,6,13128,3.0846307,2.540062,4.4494057,8.772984
p99.9,Slower Growth,FY2027,7,13128,3.1267872,2.394743,4.6177917,10.719216
p99.9,Slower Growth,FY2027,8,13128,2.501702,2.3125257,4.4698195,9.354588
p99.9,Slower Growth,FY2027,9,13128,3.2593484,2.6475782,4.8760514,9.668889
p99.9,Slower Growth,FY2027,10,13128,3.8529773,3.121481,5.496996,10.587715
p99.9,Slower Growth,FY2027,11,13128,3.9410603,3.2649899,5.541647,10.823605
p99.9,Slower Growth,FY2027,12,13128,3.8678057,3.1352196,5.5582094,10.704104
p99.9,Slower Growth,FY2027,13,13128,3.7518876,3.0500557,5.5238533,10.935631
p99.9,Slower Growth,FY2027,14,13128,3.6009696,2.9481199,5.344597,10.703919
p99.9,Slower Growth,FY2027,15,13128,3.1039903,2.5299225,4.7812004,9.673878
p99.9,Slower Growth,FY2027,16,13128,2.9520643,2.279047,4.679821,10.8810425
p99.9,Slower Growth,FY2027,17,13128,3.3115375,2.048935,5.039934,15.234131
p99.9,Slower Growth,FY2027,18,13128,3.246588,1.721672,4.971798,17.198704
p99.9,Slower Growth,FY2027,19,13128,2.4705307,1.2522392,3.3202515,12.06894
p99.9,Slower Growth,FY2027,20,13128,2.3322353,1.3756752,3.1559258,8.516395
p99.9,Slower Growth,FY2027,21,13128,2.114793,1.3560944,2.8528175,8.035288
p99.9,Slower Growth,FY2027,22,13128,2.1522062,1.3129272,2.7579403,7.680245
p99.9,Slower Growth,FY2027,23,13128,1.8421352,1.2665482,2.5724564,6.3360257
p99.9,Slower Growth,FY2028,0,13116,3.2951462,2.334095,4.382183,10.581993
p99.9,Slower Growth,FY2028,1,13128,3.1601315,2.3958492,4.2308025,9.555045
p99.9,Slower Growth,FY2028,2,13128,3.4222364,2.5781422,4.661603,10.029335
p99.9,Slower Growth,FY2028,3,13128,3.7612367,2.7637596,5.0107193,11.079834
p99.9,Slower Growth,FY2028,4,13128,3.679752,2.7854462,4.865267,10.52795
p99.9,Slower Growth,FY2028,5,13128,3.836493,3.1149826,5.1900578,9.966388
p99.9,Slower Growth,FY2028,6,13128,4.612616,3.9956765,6.470625,11.65051
p99.9,Slower Growth,FY2028,7,13128,4.5826974,3.7484474,6.5486884,14.507868
p99.9,Slower Growth,FY2028,8,13128,3.7087827,3.6589317,6.2519894,12.356071
p99.9,Slower Growth,FY2028,9,13128,4.901337,4.212366,6.999672,13.117687
p99.9,Slower Growth,FY2028,10,13128,5.7568936,4.902584,7.956875,14.484236
p99.9,Slower Growth,FY2028,11,13128,5.8760705,5.0181217,8.061138,14.592335
p99.9,Slower Growth,FY2028,12,13128,5.795733,4.8530693,8.0237055,14.853836
p99.9,Slower Growth,FY2028,13,13128,5.6039124,4.8309145,8.135086,14.946781
p99.9,Slower Growth,FY2028,14,13128,5.403118,4.5656796,7.7733536,14.645014
p99.9,Slower Growth,FY2028,15,13128,4.618972,3.926653,6.8834515,13.182074
p99.9,Slower Growth,FY2028,16,13128,4.437398,3.647852,6.808235,15.063627
p99.9,Slower Growth,FY2028,17,13128,4.9106274,3.4720268,7.4738274,20.745602
p99.9,Slower Growth,FY2028,18,13128,4.825678,3.0005722,7.266197,23.93697
p99.9,Slower Growth,FY2028,19,13128,3.7420595,2.1694336,4.949047,17.32246
p99.9,Slower Growth,FY2028,20,13128,3.5987685,2.3334885,4.6201363,12.474604
p99.9,Slower Growth,FY2028,21,13128,3.1724079,2.1787186,4.0534534,11.209383
p99.9,Slower Growth,FY2028,22,13128,3.3017445,2.1380768,4.0316925,11.515279
p99.9,Slower Growth,FY2028,23,13128,2.7883418,2.0624619,3.7641945,8.677664
p99.9,Slower Growth,FY2029,0,13116,4.7452316,3.448513,6.240835,14.508699
p99.9,Slower Growth,FY2029,1,13128,4.4875436,3.5070229,5.8924217,12.72036
p99.9,Slower Growth,FY2029,2,13128,4.822703,3.8026047,6.4480133,13.15796
p99.9,Slower Growth,FY2029,3,13128,5.2860827,4.0134506,6.933563,14.573521
p99.9,Slower Growth,FY2029,4,13128,5.133848,3.9884071,6.704487,13.959266
p99.9,Slower Growth,FY2029,5,13128,5.3804746,4.4971237,7.1608505,13.218119
p99.9,Slower Growth,FY2029,6,13128,6.47598,5.8404465,8.788166,15.558011
p99.9,Slower Growth,FY2029,7,13128,6.4660125,5.4575233,9.02228,18.894287
p99.9,Slower Growth,FY2029,8,13128,5.191041,5.3735523,8.527481,16.097757
p99.9,Slower Growth,FY2029,9,13128,6.9062243,6.050623,9.652931,17.23858
p99.9,Slower Growth,FY2029,10,13128,8.12532,7.0245686,10.858498,18.94602
p99.9,Slower Growth,FY2029,11,13128,8.330297,7.227833,11.129483,18.92639
p99.9,Slower Growth,FY2029,12,13128,8.266377,7.224276,11.2196865,19.20554
p99.9,Slower Growth,FY2029,13,13128,8.008648,7.149952,11.160247,19.268238
p99.9,Slower Growth,FY2029,14,13128,7.6044893,6.671941,10.700034,19.08538
p99.9,Slower Growth,FY2029,15,13128,6.5713325,5.7097626,9.470583,17.589247
p99.9,Slower Growth,FY2029,16,13128,6.253644,5.2989597,9.323442,19.430874
p99.9,Slower Growth,FY2029,17,13128,7.0000954,5.2580643,10.272526,27.066307
p99.9,Slower Growth,FY2029,18,13128,6.932188,4.5842323,10.214497,32.72578
p99.9,Slower Growth,FY2029,19,13128,5.2451453,3.2726479,6.8385944,22.378454
p99.9,Slower Growth,FY2029,20,13128,5.0133185,3.45961,6.2600136,16.575975
p99.9,Slower Growth,FY2029,21,13128,4.5845785,3.2372208,5.6778183,15.219088
p99.9,Slower Growth,FY2029,22,13128,4.767938,3.1956024,5.6146317,15.958201
p99.9,Slower Growth,FY2029,23,13128,3.9924877,3.015419,5.1956997,12.361466
p99.9,Slower Growth,FY2030,0,13116,6.4866524,4.8295555,8.412043,19.035564
p99.9,Slower Growth,FY2030,1,13128,6.11798,4.823326,7.9003477,16.487806
p99.9,Slower Growth,FY2030,2,13128,6.4841833,5.23279,8.573622,16.932703
p99.9,Slower Growth,FY2030,3,13128,7.053968,5.493429,9.087612,18.8728
p99.9,Slower Growth,FY2030,4,13128,6.8887496,5.454006,8.753519,18.286896
p99.9,Slower Growth,FY2030,5,13128,7.2607007,6.189213,9.40159,17.10464
p99.9,Slower Growth,FY2030,6,13128,8.698613,7.998253,11.60649,19.70305
p99.9,Slower Growth,FY2030,7,13128,8.758183,7.444313,11.782644,24.400146
p99.9,Slower Growth,FY2030,8,13128,6.9532714,7.212246,11.183291,20.48889
p99.9,Slower Growth,FY2030,9,13128,9.348031,8.332207,12.961705,22.21104
p99.9,Slower Growth,FY2030,10,13128,10.977339,9.632442,14.550129,24.431467
p99.9,Slower Growth,FY2030,11,13128,11.2254925,9.893204,14.85858,24.16298
p99.9,Slower Growth,FY2030,12,13128,11.220247,10.145252,15.123081,24.455214
p99.9,Slower Growth,FY2030,13,13128,10.774912,9.884796,14.912998,25.411142
p99.9,Slower Growth,FY2030,14,13128,10.235555,9.115302,14.204199,24.670382
p99.9,Slower Growth,FY2030,15,13128,8.993503,7.8904533,12.674293,22.780163
p99.9,Slower Growth,FY2030,16,13128,8.465245,7.3167267,12.458815,24.6115
p99.9,Slower Growth,FY2030,17,13128,9.476389,7.3405113,13.591431,34.563805
p99.9,Slower Growth,FY2030,18,13128,9.231663,6.469795,13.330971,40.995243
p99.9,Slower Growth,FY2030,19,13128,7.1303596,4.6596375,9.225723,28.628944
p99.9,Slower Growth,FY2030,20,13128,6.8446093,4.8414307,8.350567,22.474905
p99.9,Slower Growth,FY2030,21,13128,6.327837,4.5329437,7.5975,20.65357
p99.9,Slower Growth,FY2030,22,13128,6.602002,4.500931,7.6383915,22.268436
p99.9,Slower Growth,FY2030,23,13128,5.488433,4.1538773,6.910267,16.74866
p99.9,Step Change,FY2026,0,13116,1.8677628,1.2327614,2.577135,6.9347916
p99.9,Step Change,FY2026,1,13128,1.8262343,1.2750053,2.566698,6.2378025
p99.9,Step Change,FY2026,2,13128,2.0356412,1.4032173,2.8433018,6.689544
p99.9,Step Change,FY2026,3,13128,2.1853733,1.4821167,2.971054,7.0679684
p99.9,Step Change,FY2026,4,13128,2.1791964,1.522232,2.9843197,6.9182477
p99.9,Step Change,FY2026,5,13128,2.242833,1.6943054,3.1866531,6.739508
p99.9,Step Change,FY2026,6,13128,2.694199,2.160162,3.9488297,7.913423
p99.9,Step Change,FY2026,7,13128,2.754547,2.0388355,4.091963,9.732057
p99.9,Step Change,FY2026,8,13128,2.1577587,1.9649515,3.9213629,8.451077
p99.9,Step Change,FY2026,9,13128,2.8354683,2.2786827,4.3061657,8.771932
p99.9,Step Change,FY2026,10,13128,3.3687646,2.697545,4.877527,9.602882
p99.9,Step Change,FY2026,11,13128,3.453856,2.8274884,4.905392,9.652733
p99.9,Step Change,FY2026,12,13128,3.3839953,2.7072492,4.871808,9.67793
p99.9,Step Change,FY2026,13,13128,3.292597,2.6262321,4.903091,9.829836
p99.9,Step Change,FY2026,14,13128,3.1442268,2.495615,4.7108364,9.571213
p99.9,Step Change,FY2026,15,13128,2.7084525,2.172905,4.247402,8.735485
p99.9,Step Change,FY2026,16,13128,2.604684,1.9686775,4.1355,9.784014
p99.9,Step Change,FY2026,17,13128,2.868816,1.6912155,4.358471,13.824129
p99.9,Step Change,FY2026,18,13128,2.850312,1.4079361,4.328003,15.1522455
p99.9,Step Change,FY2026,19,13128,2.1963582,1.0183449,2.9551792,10.627993
p99.9,Step Change,FY2026,20,13128,2.0477011,1.1518402,2.7273045,7.6647243
p99.9,Step Change,FY2026,21,13128,1.8437982,1.1538506,2.5227127,7.182334
p99.9,Step Change,FY2026,22,13128,1.8746911,1.1167526,2.4005013,7.0708175
p99.9,Step Change,FY2026,23,13128,1.6046333,1.0671692,2.2685966,5.6792984
p99.9,Step Change,FY2027,0,13116,4.4592214,3.2224865,5.8555794,13.797356
p99.9,Step Change,FY2027,1,13128,4.2292624,3.2908401,5.591524,12.041752
p99.9,Step Change,FY2027,2,13128,4.5475984,3.5617905,6.0756464,12.542309
p99.9,Step Change,FY2027,3,13128,4.974013,3.767891,6.5737762,13.934172
p99.9,Step Change,FY2027,4,13128,4.8424635,3.7750702,6.319396,13.332721
p99.9,Step Change,FY2027,5,13128,5.0676484,4.23991,6.778452,12.580202
p99.9,Step Change,FY2027,6,13128,6.1005387,5.414316,8.38962,14.802847
p99.9,Step Change,FY2027,7,13128,6.0825353,5.12199,8.551014,18.05766
p99.9,Step Change,FY2027,8,13128,4.8696556,4.98954,8.107935,15.180044
p99.9,Step Change,FY2027,9,13128,6.480719,5.709635,9.158087,16.199528
p99.9,Step Change,FY2027,10,13128,7.6534586,6.611744,10.220831,18.114124
p99.9,Step Change,FY2027,11,13128,7.8373814,6.805624,10.538845,18.032524
p99.9,Step Change,FY2027,12,13128,7.7530713,6.7917156,10.538136,18.30426
p99.9,Step Change,FY2027,13,13128,7.5324426,6.672844,10.548485,18.503826
p99.9,Step Change,FY2027,14,13128,7.1565685,6.198141,10.135392,18.344425
p99.9,Step Change,FY2027,15,13128,6.186979,5.3661766,8.982056,16.620722
p99.9,Step Change,FY2027,16,13128,5.891226,5.0178566,8.803112,18.565245
p99.9,Step Change,FY2027,17,13128,6.576676,4.884659,9.670908,25.925053
p99.9,Step Change,FY2027,18,13128,6.5110497,4.217415,9.647366,30.672558
p99.9,Step Change,FY2027,19,13128,4.920825,3.0670166,6.5136623,21.48147
p99.9,Step Change,FY2027,20,13128,4.7081532,3.2572594,5.8976574,15.631513
p99.9,Step Change,FY2027,21,13128,4.2875223,2.9988174,5.362072,14.411493
p99.9,Step Change,FY2027,22,13128,4.48337,2.981182,5.319412,15.221721
p99.9,Step Change,FY2027,23,13128,3.738005,2.8187103,4.909727,11.554312
p99.9,Step Change,FY2028,0,13116,7.3783283,5.5069733,9.533867,21.514137
p99.9,Step Change,FY2028,1,13128,6.954216,5.4549656,8.991185,18.416876
p99.9,Step Change,FY2028,2,13128,7.278628,5.860094,9.548385,18.81519
p99.9,Step Change,FY2028,3,13128,7.917487,6.18417,10.103761,20.55545
p99.9,Step Change,FY2028,4,13128,7.7807484,6.192932,9.852392,20.432358
p99.9,Step Change,FY2028,5,13128,8.207092,7.0754395,10.575275,19.002426
p99.9,Step Change,FY2028,6,13128,9.854297,9.11105,12.99059,22.044882
p99.9,Step Change,FY2028,7,13128,9.793426,8.453991,13.052568,27.500221
p99.9,Step Change,FY2028,8,13128,7.8327265,8.1032505,12.383495,22.628777
p99.9,Step Change,FY2028,9,13128,10.500158,9.376705,14.522221,24.542141
p99.9,Step Change,FY2028,10,13128,12.366634,10.875023,16.189241,27.269804
p99.9,Step Change,FY2028,11,13128,12.668009,11.329746,16.54246,26.774984
p99.9,Step Change,FY2028,12,13128,12.721268,11.645459,17.000233,27.207575
p99.9,Step Change,FY2028,13,13128,12.168919,11.310747,16.725452,27.974113
p99.9,Step Change,FY2028,14,13128,11.534387,10.396658,15.819489,27.366394
p99.9,Step Change,FY2028,15,13128,10.165962,8.947506,14.24759,25.464413
p99.9,Step Change,FY2028,16,13128,9.644199,8.227741,13.89576,27.823593
p99.9,Step Change,FY2028,17,13128,10.746603,8.426697,15.281244,38.017563
p99.9,Step Change,FY2028,18,13128,10.352845,7.352566,14.733723,44.600803
p99.9,Step Change,FY2028,19,13128,8.123939,5.313545,10.430206,32.60295
p99.9,Step Change,FY2028,20,13128,7.7975845,5.487091,9.345434,25.210861
p99.9,Step Change,FY2028,21,13128,7.229355,5.221039,8.534502,23.802141
p99.9,Step Change,FY2028,22,13128,7.53108,5.108631,8.636471,25.625248
p99.9,Step Change,FY2028,23,13128,6.243603,4.754036,7.846319,19.01614
p99.9,Step Change,FY2029,0,13116,11.274072,8.336304,14.500393,32.299435
p99.9,Step Change,FY2029,1,13128,10.692531,8.343948,13.849291,27.329191
p99.9,Step Change,FY2029,2,13128,10.673663,8.62233,13.954269,26.755945
p99.9,Step Change,FY2029,3,13128,11.689593,9.193409,14.93597,29.523848
p99.9,Step Change,FY2029,4,13128,11.469403,9.239683,14.278664,29.203703
p99.9,Step Change,FY2029,5,13128,12.352953,10.681614,15.769,26.406727
p99.9,Step Change,FY2029,6,13128,14.655102,13.785526,19.192213,32.099133
p99.9,Step Change,FY2029,7,13128,14.13475,12.576445,18.776085,39.28542
p99.9,Step Change,FY2029,8,13128,11.2472105,12.009731,18.015402,31.565937
p99.9,Step Change,FY2029,9,13128,15.440941,14.169838,20.959415,35.623844
p99.9,Step Change,FY2029,10,13128,18.409876,16.668526,23.832687,38.94489
p99.9,Step Change,FY2029,11,13128,18.98627,17.376196,24.33184,38.955677
p99.9,Step Change,FY2029,12,13128,18.890219,17.791794,24.460976,40.3041
p99.9,Step Change,FY2029,13,13128,18.273232,17.18358,24.65468,40.632103
p99.9,Step Change,FY2029,14,13128,17.232323,15.565479,23.440182,39.65279
p99.9,Step Change,FY2029,15,13128,15.348693,13.470425,21.067486,37.275898
p99.9,Step Change,FY2029,16,13128,14.672416,12.534168,20.775673,40.32098
p99.9,Step Change,FY2029,17,13128,16.086008,12.886742,22.53235,53.98443
p99.9,Step Change,FY2029,18,13128,15.485458,11.471794,21.37629,59.90691
p99.9,Step Change,FY2029,19,13128,12.359218,8.258278,15.546013,49.782932
p99.9,Step Change,FY2029,20,13128,11.830166,8.187927,14.0737,37.687183
p99.9,Step Change,FY2029,21,13128,11.335367,8.160587,13.170691,35.72151
p99.9,Step Change,FY2029,22,13128,11.85502,7.838642,13.2161255,41.260674
p99.9,Step Change,FY2029,23,13128,9.92906,7.351383,12.051788,29.428286
p99.9,Step Change,FY2030,0,13116,16.678738,12.404686,21.7789,45.858635
p99.9,Step Change,FY2030,1,13128,15.921055,12.115257,20.662252,39.44669
p99.9,Step Change,FY2030,2,13128,15.197472,12.331524,19.832748,36.976936
p99.9,Step Change,FY2030,3,13128,16.564411,13.418001,20.735146,40.146347
p99.9,Step Change,FY2030,4,13128,16.283554,13.23003,19.967796,40.16703
p99.9,Step Change,FY2030,5,13128,17.942602,15.663185,22.432405,36.896774
p99.9,Step Change,FY2030,6,13128,20.853796,19.9031,27.301596,45.643867
p99.9,Step Change,FY2030,7,13128,19.315046,17.78797,26.230919,51.330673
p99.9,Step Change,FY2030,8,13128,15.4209795,16.877514,24.94357,41.993343
p99.9,Step Change,FY2030,9,13128,21.456089,19.950802,29.056377,49.786842
p99.9,Step Change,FY2030,10,13128,26.34632,24.10344,33.838818,54.014294
p99.9,Step Change,FY2030,11,13128,27.083122,25.385685,34.355453,54.12123
p99.9,Step Change,FY2030,12,13128,26.792324,25.485332,34.801132,56.691463
p99.9,Step Change,FY2030,13,13128,25.963621,24.806456,35.092026,56.17239
p99.9,Step Change,FY2030,14,13128,24.61882,22.623669,33.239655,55.03356
p99.9,Step Change,FY2030,15,13128,22.087729,19.291645,29.825008,53.741924
p99.9,Step Change,FY2030,16,13128,21.302963,18.16758,30.122559,56.34563
p99.9,Step Change,FY2030,17,13128,23.298841,19.606201,32.34407,71.77872
p99.9,Step Change,FY2030,18,13128,21.86645,16.60952,29.390335,79.27886
p99.9,Step Change,FY2030,19,13128,17.934761,12.189026,23.001263,64.976524
p99.9,Step Change,FY2030,20,13128,17.373783,11.983196,20.63455,61.144417
p99.9,Step Change,FY2030,21,13128,16.909845,11.9599,19.41864,52.56421
p99.9,Step Change,FY2030,22,13128,17.973785,11.847282,20.308126,60.418167
p99.9,Step Change,FY2030,23,13128,15.4422,11.099979,18.143232,46.789356
